"","X","geo_id","StartTime","EndTime","Lon.50.","Lon.2.5.","Lon.97.5.","Lat.50.","Lat.2.5.","Lat.97.5.","sitenum","duration","period","geo.id2","band.id","animal.id","animal.taxon","deploy.on.date","deploy.on.time_GMT","deploy.off.date","deploy.off.time","lig.estimated.deploy.day","lig.estimated.recovery.day","animal.latest.date.born","animal.life.stage","Wing.cord.mm","animal.mass","animal.sex","animal.taxon.detail","attachment.type","deploy.latitude","deploy.longitude","recovery.latitude","recovery.longitude","deployment.comments","deployment.end.type","manipulation.type","study.site","deploy.range","tag.comments","study.site.specification","tag.manufacturer.name","tag.mass","tag.model","tag.readout.method","tag.serial.no","Study","preliminary_analysis","recording_interval_seconds","light_threshold","Time_shift_hours","Recorded_North_South_mig","Light_Data_Available","Time_shift","In_habitat_median_zenith_angle","Hill_Ekstrom_median_angle","tol","MCMC.iter","MCMC.thin","MCMC.chains","changeLight.days","changelight.quantile","mergesites.distance","stat.nbr.limit","path.elongated","Insert_twilights","Range_region","Fall_carrib_edits","Clock_drift_edits","mod.deploy.lon","mod.deploy.lat","nbr.arrival","nbr.departure","spring.equinox.year","spring.equinox.date","Recaptured","IH.calib.start","IH.calib.end","IH.calib.start2","IH.calib.end2","Zenith0_adjustment","Breeding_region_MC","site_type","NB_count","NB.first.site.arrival","id","IQR.lon.dist","IQR.lat.dist","cluster","next.cluster"
"1",93,"A","2013-06-14 00:47:02","2013-08-12 00:18:07",-72.815699,-72.8165699,-72.8165699,44.528354,44.528354,44.528354,1,58.9799189814815,"Post-breeding migration","","2110-80395",NA,"Setophaga","2013-06-13","0:30:00","2014-06-04",NA,"2013-06-13","2014-06-04","2012-07-01","After hatch year when tagged",NA,11.2,"Male ","striata","harness",44.528354,-72.8165699,NA,NA,"captured and released on Mt Mansfield, VT","removal","none","Mount Mansfield, Vermont, USA","Breeding","Biotrack model MK-6 (~0.5 g including harness)","","Biotrack","0.5","MK-6","tag-retrieval","","Deluca et al. 2015","Yes ",120,NA,-4.010480796,"Both","Yes","Yes",93.06528577,92.25,0.12,1000,20,3,2,0.9,250,14,FALSE,"No","Eastern",TRUE,FALSE,-72.815699,44.528354,"1381659637","1399416697",2014,"2014-03-20","No","2013-07-01","2013-08-20","2014-05-30","2014-06-05",0,"Eastern Region","Breeding",NA,NA,NA,NA,NA,21,7
"2",94,"A","2013-09-16 09:47:16","2013-09-18 22:36:37",-64.8155206279954,-66.1759523063731,-63.0265935313831,45.5757342432795,43.869479154091,51.3838460970841,5,2.53427083333333,"Post-breeding migration","","2110-80395",NA,"Setophaga","2013-06-13","0:30:00","2014-06-04",NA,"2013-06-13","2014-06-04","2012-07-01","After hatch year when tagged",NA,11.2,"Male ","striata","harness",44.528354,-72.8165699,NA,NA,"captured and released on Mt Mansfield, VT","removal","none","Mount Mansfield, Vermont, USA","Breeding","Biotrack model MK-6 (~0.5 g including harness)","","Biotrack","0.5","MK-6","tag-retrieval","","Deluca et al. 2015","Yes ",120,NA,-4.010480796,"Both","Yes","Yes",93.06528577,92.25,0.12,1000,20,3,2,0.9,250,14,FALSE,"No","Eastern",TRUE,FALSE,-72.815699,44.528354,"1381659637","1399416697",2014,"2014-03-20","No","2013-07-01","2013-08-20","2014-05-30","2014-06-05",0,"Eastern Region","Stopover",NA,"2013-10-18 04:00:00",1,245381.78605037,836495.501727802,7,NA
"3",95,"A","2013-09-20 09:36:37","2013-09-28 22:10:55",-62.2076053265496,-63.2113267248985,-61.0802738657385,45.5140961460554,45.1189413138851,46.1953261330388,6,8.52381944444444,"Post-breeding migration","","2110-80395",NA,"Setophaga","2013-06-13","0:30:00","2014-06-04",NA,"2013-06-13","2014-06-04","2012-07-01","After hatch year when tagged",NA,11.2,"Male ","striata","harness",44.528354,-72.8165699,NA,NA,"captured and released on Mt Mansfield, VT","removal","none","Mount Mansfield, Vermont, USA","Breeding","Biotrack model MK-6 (~0.5 g including harness)","","Biotrack","0.5","MK-6","tag-retrieval","","Deluca et al. 2015","Yes ",120,NA,-4.010480796,"Both","Yes","Yes",93.06528577,92.25,0.12,1000,20,3,2,0.9,250,14,FALSE,"No","Eastern",TRUE,FALSE,-72.815699,44.528354,"1381659637","1399416697",2014,"2014-03-20","No","2013-07-01","2013-08-20","2014-05-30","2014-06-05",0,"Eastern Region","Stopover",NA,"2013-10-18 04:00:00",1,166228.595892362,119822.609965799,7,NA
"4",96,"A","2013-09-30 09:44:37","2013-10-10 09:57:17",-61.9764028225943,-62.3028677045732,-61.5874856238586,45.5213812548052,45.1161284534932,45.7884895397455,7,10.0087962962963,"Post-breeding migration","","2110-80395",NA,"Setophaga","2013-06-13","0:30:00","2014-06-04",NA,"2013-06-13","2014-06-04","2012-07-01","After hatch year when tagged",NA,11.2,"Male ","striata","harness",44.528354,-72.8165699,NA,NA,"captured and released on Mt Mansfield, VT","removal","none","Mount Mansfield, Vermont, USA","Breeding","Biotrack model MK-6 (~0.5 g including harness)","","Biotrack","0.5","MK-6","tag-retrieval","","Deluca et al. 2015","Yes ",120,NA,-4.010480796,"Both","Yes","Yes",93.06528577,92.25,0.12,1000,20,3,2,0.9,250,14,FALSE,"No","Eastern",TRUE,FALSE,-72.815699,44.528354,"1381659637","1399416697",2014,"2014-03-20","No","2013-07-01","2013-08-20","2014-05-30","2014-06-05",0,"Eastern Region","Stopover",NA,"2013-10-18 04:00:00",1,55796.2036173036,74846.893750821,7,14
"5",97,"A","2013-10-15 04:00:00","2013-10-17 04:00:00",-70.1429141332903,-70.9705921903288,-69.0538270142082,18.9,NA,NA,8,2,"Post-breeding migration","","2110-80395",NA,"Setophaga","2013-06-13","0:30:00","2014-06-04",NA,"2013-06-13","2014-06-04","2012-07-01","After hatch year when tagged",NA,11.2,"Male ","striata","harness",44.528354,-72.8165699,NA,NA,"captured and released on Mt Mansfield, VT","removal","none","Mount Mansfield, Vermont, USA","Breeding","Biotrack model MK-6 (~0.5 g including harness)","","Biotrack","0.5","MK-6","tag-retrieval","","Deluca et al. 2015","Yes ",120,NA,-4.010480796,"Both","Yes","Yes",93.06528577,92.25,0.12,1000,20,3,2,0.9,250,14,FALSE,"No","Eastern",TRUE,FALSE,-72.815699,44.528354,"1381659637","1399416697",2014,"2014-03-20","No","2013-07-01","2013-08-20","2014-05-30","2014-06-05",0,"Eastern Region","Stopover",NA,"2013-10-18 04:00:00",1,201868.389423597,NA,14,9
"6",98,"A","2013-10-18 04:00:00","2014-03-07 10:47:30",-69.9546005165811,-70.0649903930901,-69.8558777552,10.4697494876536,10.0082552477446,10.827820666948,9,140.282986111111,"Non-breeding period","","2110-80395",NA,"Setophaga","2013-06-13","0:30:00","2014-06-04",NA,"2013-06-13","2014-06-04","2012-07-01","After hatch year when tagged",NA,11.2,"Male ","striata","harness",44.528354,-72.8165699,NA,NA,"captured and released on Mt Mansfield, VT","removal","none","Mount Mansfield, Vermont, USA","Breeding","Biotrack model MK-6 (~0.5 g including harness)","","Biotrack","0.5","MK-6","tag-retrieval","","Deluca et al. 2015","Yes ",120,NA,-4.010480796,"Both","Yes","Yes",93.06528577,92.25,0.12,1000,20,3,2,0.9,250,14,FALSE,"No","Eastern",TRUE,FALSE,-72.815699,44.528354,"1381659637","1399416697",2014,"2014-03-20","No","2013-07-01","2013-08-20","2014-05-30","2014-06-05",0,"Eastern Region","Nonbreeding",1,"2013-10-18 04:00:00",1,22890.7509909435,91233.6051374973,9,21
"7",99,"A",NA,NA,-72.815699,-72.8165699,-72.8165699,44.528354,44.528354,44.528354,9,NA,"Post-breeding migration","","2110-80395",NA,"Setophaga","2013-06-13","0:30:00","2014-06-04",NA,"2013-06-13","2014-06-04","2012-07-01","After hatch year when tagged",NA,11.2,"Male ","striata","harness",44.528354,-72.8165699,NA,NA,"captured and released on Mt Mansfield, VT","removal","none","Mount Mansfield, Vermont, USA","Breeding","Biotrack model MK-6 (~0.5 g including harness)","","Biotrack","0.5","MK-6","tag-retrieval","","Deluca et al. 2015","Yes ",120,NA,-4.010480796,"Both","Yes","Yes",93.06528577,92.25,0.12,1000,20,3,2,0.9,250,14,FALSE,"No","Eastern",TRUE,FALSE,-72.815699,44.528354,"1381659637","1399416697",2014,"2014-03-20","No","2013-07-01","2013-08-20","2014-05-30","2014-06-05",0,"Eastern Region","Breeding",NA,NA,NA,NA,NA,21,NA
"8",100,"B","2013-06-19 00:58:00","2013-08-17 00:05:52",-72.815699,-72.815699,-72.815699,44.528354,44.528354,44.528354,1,58.9637962962963,"Post-breeding migration","","2490-89933",NA,"Setophaga","2013-06-18","4:45:00","2014-06-17",NA,"2013-06-18","2014-06-17","2012-07-01","After hatch year",NA,12.8,"Female ","striata","harness",44.528354,-72.815699,NA,NA,"captured and released on Mt Mansfield, VT","removal","none","Mount Mansfield, Vermont, USA","Breeding","Biotrack model MK-6 (~0.5 g including harness)","","Biotrack","0.5","MK-6","tag-retrieval","","Deluca et al. 2015","No ",120,NA,NA,"Both","Yes","No",92.52512211,92.5,0.16,1000,20,3,2,0.9,250,14,FALSE,"","Eastern",TRUE,FALSE,-72.815699,44.528354,"1379802882","1397903190",2014,"2014-03-20","No","2013-07-01","2013-08-20","2014-05-25","2014-06-10",0,"Eastern Region","Breeding",NA,NA,NA,NA,NA,21,14
"9",101,"B","2013-10-03 04:00:00","2013-10-23 04:00:00",-71.7074056091352,-73.1409577865696,-69.1901331732733,18.9,NA,NA,6,20,"Post-breeding migration","","2490-89933",NA,"Setophaga","2013-06-18","4:45:00","2014-06-17",NA,"2013-06-18","2014-06-17","2012-07-01","After hatch year",NA,12.8,"Female ","striata","harness",44.528354,-72.815699,NA,NA,"captured and released on Mt Mansfield, VT","removal","none","Mount Mansfield, Vermont, USA","Breeding","Biotrack model MK-6 (~0.5 g including harness)","","Biotrack","0.5","MK-6","tag-retrieval","","Deluca et al. 2015","No ",120,NA,NA,"Both","Yes","No",92.52512211,92.5,0.16,1000,20,3,2,0.9,250,14,FALSE,"","Eastern",TRUE,FALSE,-72.815699,44.528354,"1379802882","1397903190",2014,"2014-03-20","No","2013-07-01","2013-08-20","2014-05-25","2014-06-10",0,"Eastern Region","Stopover",NA,"2013-10-24 04:00:00",1,416083.268108766,NA,14,13
"10",102,"B","2013-10-24 04:00:00","2014-04-19 10:26:30",-71.4805999691094,-71.6477989004701,-71.3066995652874,7.1266375343714,6.33545135354175,7.84994962689871,7,177.268402777778,"Non-breeding period","","2490-89933",NA,"Setophaga","2013-06-18","4:45:00","2014-06-17",NA,"2013-06-18","2014-06-17","2012-07-01","After hatch year",NA,12.8,"Female ","striata","harness",44.528354,-72.815699,NA,NA,"captured and released on Mt Mansfield, VT","removal","none","Mount Mansfield, Vermont, USA","Breeding","Biotrack model MK-6 (~0.5 g including harness)","","Biotrack","0.5","MK-6","tag-retrieval","","Deluca et al. 2015","No ",120,NA,NA,"Both","Yes","No",92.52512211,92.5,0.16,1000,20,3,2,0.9,250,14,FALSE,"","Eastern",TRUE,FALSE,-72.815699,44.528354,"1379802882","1397903190",2014,"2014-03-20","No","2013-07-01","2013-08-20","2014-05-25","2014-06-10",0,"Eastern Region","Nonbreeding",1,"2013-10-24 04:00:00",1,37677.6533927131,168593.176597388,13,21
"11",103,"B",NA,NA,-72.815699,-72.815699,-72.815699,44.528354,44.528354,44.528354,7,NA,"Post-breeding migration","","2490-89933",NA,"Setophaga","2013-06-18","4:45:00","2014-06-17",NA,"2013-06-18","2014-06-17","2012-07-01","After hatch year",NA,12.8,"Female ","striata","harness",44.528354,-72.815699,NA,NA,"captured and released on Mt Mansfield, VT","removal","none","Mount Mansfield, Vermont, USA","Breeding","Biotrack model MK-6 (~0.5 g including harness)","","Biotrack","0.5","MK-6","tag-retrieval","","Deluca et al. 2015","No ",120,NA,NA,"Both","Yes","No",92.52512211,92.5,0.16,1000,20,3,2,0.9,250,14,FALSE,"","Eastern",TRUE,FALSE,-72.815699,44.528354,"1379802882","1397903190",2014,"2014-03-20","No","2013-07-01","2013-08-20","2014-05-25","2014-06-10",0,"Eastern Region","Breeding",NA,NA,NA,NA,NA,21,NA
"12",104,"C","2013-06-10 00:26:08","2013-08-06 00:11:08",-65.8820445,-65.7499,-65.7499,43.4367935,43.464762,43.464762,1,56.9895833333333,"Post-breeding migration","","2740-02206",NA,"Setophaga","2013-06-16","0:12:00","2014-03-14",NA,"2013-06-16","2014-03-14","2011-07-01","After Hatch Year",NA,12.7,"Male","striata","harness",43.464762,-65.7499,NA,NA,"captured and released on Bon Portage Island, NS, Canada","removal","none","Nova Scotia, Canada","Breeding","Migrate Technology Ltd Intigeo-W50 (0.45 g including harness) geolocators","Bon Portage Island","Migrate Technology Ltd","0.45","Intigeo-W50","","F562","Deluca et al. 2015","Yes ",300,NA,NA,"South","Yes","No ",93.4612205,90.75,0.09,1000,20,3,2,0.97,250,14,FALSE,"No","Eastern",TRUE,FALSE,-65.8820445,43.4367935,"2013-09-02",NA,2014,"2014-03-20","No","2013-06-15","2013-08-01",NA,NA,0,"Eastern Region","Breeding",NA,NA,NA,NA,NA,25,17
"13",105,"C","2013-09-27 04:00:00","2013-10-06 04:00:00",-66.4943789857244,-67.8977664879847,-64.0409212309112,18.36,NA,NA,4,9,"Post-breeding migration","","2740-02206",NA,"Setophaga","2013-06-16","0:12:00","2014-03-14",NA,"2013-06-16","2014-03-14","2011-07-01","After Hatch Year",NA,12.7,"Male","striata","harness",43.464762,-65.7499,NA,NA,"captured and released on Bon Portage Island, NS, Canada","removal","none","Nova Scotia, Canada","Breeding","Migrate Technology Ltd Intigeo-W50 (0.45 g including harness) geolocators","Bon Portage Island","Migrate Technology Ltd","0.45","Intigeo-W50","","F562","Deluca et al. 2015","Yes ",300,NA,NA,"South","Yes","No ",93.4612205,90.75,0.09,1000,20,3,2,0.97,250,14,FALSE,"No","Eastern",TRUE,FALSE,-65.8820445,43.4367935,"2013-09-02",NA,2014,"2014-03-20","No","2013-06-15","2013-08-01",NA,NA,0,"Eastern Region","Stopover",NA,"2013-10-07 04:00:00",1,407479.248364986,NA,17,13
"14",106,"C","2013-10-07 04:00:00","2014-03-02 10:24:45",-68.3270516628501,-68.3312273328922,-68.3251095674784,6.24945053480647,6.24796718694397,6.25580434782052,5,146.2671875,"Non-breeding period","","2740-02206",NA,"Setophaga","2013-06-16","0:12:00","2014-03-14",NA,"2013-06-16","2014-03-14","2011-07-01","After Hatch Year",NA,12.7,"Male","striata","harness",43.464762,-65.7499,NA,NA,"captured and released on Bon Portage Island, NS, Canada","removal","none","Nova Scotia, Canada","Breeding","Migrate Technology Ltd Intigeo-W50 (0.45 g including harness) geolocators","Bon Portage Island","Migrate Technology Ltd","0.45","Intigeo-W50","","F562","Deluca et al. 2015","Yes ",300,NA,NA,"South","Yes","No ",93.4612205,90.75,0.09,1000,20,3,2,0.97,250,14,FALSE,"No","Eastern",TRUE,FALSE,-65.8820445,43.4367935,"2013-09-02",NA,2014,"2014-03-20","No","2013-06-15","2013-08-01",NA,NA,0,"Eastern Region","Nonbreeding",1,"2013-10-07 04:00:00",1,676.979450282495,872.428758042526,13,25
"15",107,"C",NA,NA,-65.8820445,-65.7499,-65.7499,43.4367935,43.464762,43.464762,5,NA,"Post-breeding migration","","2740-02206",NA,"Setophaga","2013-06-16","0:12:00","2014-03-14",NA,"2013-06-16","2014-03-14","2011-07-01","After Hatch Year",NA,12.7,"Male","striata","harness",43.464762,-65.7499,NA,NA,"captured and released on Bon Portage Island, NS, Canada","removal","none","Nova Scotia, Canada","Breeding","Migrate Technology Ltd Intigeo-W50 (0.45 g including harness) geolocators","Bon Portage Island","Migrate Technology Ltd","0.45","Intigeo-W50","","F562","Deluca et al. 2015","Yes ",300,NA,NA,"South","Yes","No ",93.4612205,90.75,0.09,1000,20,3,2,0.97,250,14,FALSE,"No","Eastern",TRUE,FALSE,-65.8820445,43.4367935,"2013-09-02",NA,2014,"2014-03-20","No","2013-06-15","2013-08-01",NA,NA,0,"Eastern Region","Breeding",NA,NA,NA,NA,NA,25,NA
"16",108,"D","2013-08-25 23:22:45","2013-09-20 10:00:27",-65.8820445,-66.014189,-66.014189,43.4367935,43.408825,43.408825,1,25.4428472222222,"Post-breeding migration","","2740-02250",NA,"Setophaga","2013-08-25","1:45:00","2014-04-15",NA,"2013-08-25","2014-04-15","2013-07-01","hatch year",72,12.1,"Female","striata","harness",43.408825,-66.014189,NA,NA,"captured and released on Seal Island, NS, Canada","removal","none","Nova Scotia, Canada","Breeding","Migrate Technology Ltd Intigeo-W50 (0.45 g including harness) geolocators","Seal Island","Migrate Technology Ltd","0.45","Intigeo-W50","tag-retrieval","F579","Deluca et al. 2015","Yes ",300,NA,4.476205333,"South","Yes","Yes",91.86402267,91,0.185,1000,20,3,2,0.9,250,14,FALSE,"No","Eastern",FALSE,FALSE,-65.8820445,43.4367935,"2013-11-10","2014-04-15",2014,"2014-03-20","No","2013-09-01","2013-10-17",NA,NA,0,"Eastern Region","Breeding",NA,NA,NA,NA,NA,25,5
"17",109,"D","2013-09-29 10:22:25","2013-10-01 22:17:18",-69.3690422700565,-72.7553957840323,-65.329662694582,45.3865884465484,41.8895863146553,48.3805600403538,2,2.49644675925926,"Post-breeding migration","","2740-02250",NA,"Setophaga","2013-08-25","1:45:00","2014-04-15",NA,"2013-08-25","2014-04-15","2013-07-01","hatch year",72,12.1,"Female","striata","harness",43.408825,-66.014189,NA,NA,"captured and released on Seal Island, NS, Canada","removal","none","Nova Scotia, Canada","Breeding","Migrate Technology Ltd Intigeo-W50 (0.45 g including harness) geolocators","Seal Island","Migrate Technology Ltd","0.45","Intigeo-W50","tag-retrieval","F579","Deluca et al. 2015","Yes ",300,NA,4.476205333,"South","Yes","Yes",91.86402267,91,0.185,1000,20,3,2,0.9,250,14,FALSE,"No","Eastern",FALSE,FALSE,-65.8820445,43.4367935,"2013-11-10","2014-04-15",2014,"2014-03-20","No","2013-09-01","2013-10-17",NA,NA,0,"Eastern Region","Stopover",NA,"2013-11-10 10:41:35",1,580351.66088721,722571.889897268,5,NA
"18",110,"D","2013-10-07 10:46:06","2013-10-10 21:51:37",-71.0965610281795,-75.0169658979034,-66.6437376459136,45.4033362249949,41.56012958661,48.419321930235,3,3.46216435185185,"Post-breeding migration","","2740-02250",NA,"Setophaga","2013-08-25","1:45:00","2014-04-15",NA,"2013-08-25","2014-04-15","2013-07-01","hatch year",72,12.1,"Female","striata","harness",43.408825,-66.014189,NA,NA,"captured and released on Seal Island, NS, Canada","removal","none","Nova Scotia, Canada","Breeding","Migrate Technology Ltd Intigeo-W50 (0.45 g including harness) geolocators","Seal Island","Migrate Technology Ltd","0.45","Intigeo-W50","tag-retrieval","F579","Deluca et al. 2015","Yes ",300,NA,4.476205333,"South","Yes","Yes",91.86402267,91,0.185,1000,20,3,2,0.9,250,14,FALSE,"No","Eastern",FALSE,FALSE,-65.8820445,43.4367935,"2013-11-10","2014-04-15",2014,"2014-03-20","No","2013-09-01","2013-10-17",NA,NA,0,"Eastern Region","Stopover",NA,"2013-11-10 10:41:35",1,654145.119955938,763561.798945454,5,NA
"19",111,"D","2013-10-12 11:25:27","2013-10-19 20:27:45",-71.3889894069841,-76.7443680925779,-65.812538634108,45.8792530062746,41.2421632403603,48.5155972603267,4,7.37659722222222,"Post-breeding migration","","2740-02250",NA,"Setophaga","2013-08-25","1:45:00","2014-04-15",NA,"2013-08-25","2014-04-15","2013-07-01","hatch year",72,12.1,"Female","striata","harness",43.408825,-66.014189,NA,NA,"captured and released on Seal Island, NS, Canada","removal","none","Nova Scotia, Canada","Breeding","Migrate Technology Ltd Intigeo-W50 (0.45 g including harness) geolocators","Seal Island","Migrate Technology Ltd","0.45","Intigeo-W50","tag-retrieval","F579","Deluca et al. 2015","Yes ",300,NA,4.476205333,"South","Yes","Yes",91.86402267,91,0.185,1000,20,3,2,0.9,250,14,FALSE,"No","Eastern",FALSE,FALSE,-65.8820445,43.4367935,"2013-11-10","2014-04-15",2014,"2014-03-20","No","2013-09-01","2013-10-17",NA,NA,0,"Eastern Region","Stopover",NA,"2013-11-10 10:41:35",1,846527.307190109,809674.971421132,5,14
"20",112,"D","2013-10-21 10:37:57","2013-10-31 22:27:45",-70.6713995123215,-71.4417252294361,-69.6978638139534,19.0916743081149,18.1194647759861,19.7643849997088,5,10.4929166666667,"Post-breeding migration","","2740-02250",NA,"Setophaga","2013-08-25","1:45:00","2014-04-15",NA,"2013-08-25","2014-04-15","2013-07-01","hatch year",72,12.1,"Female","striata","harness",43.408825,-66.014189,NA,NA,"captured and released on Seal Island, NS, Canada","removal","none","Nova Scotia, Canada","Breeding","Migrate Technology Ltd Intigeo-W50 (0.45 g including harness) geolocators","Seal Island","Migrate Technology Ltd","0.45","Intigeo-W50","tag-retrieval","F579","Deluca et al. 2015","Yes ",300,NA,4.476205333,"South","Yes","Yes",91.86402267,91,0.185,1000,20,3,2,0.9,250,14,FALSE,"No","Eastern",FALSE,FALSE,-65.8820445,43.4367935,"2013-11-10","2014-04-15",2014,"2014-03-20","No","2013-09-01","2013-10-17",NA,NA,0,"Eastern Region","Stopover",NA,"2013-11-10 10:41:35",1,183447.401089034,183111.681700368,14,17
"21",113,"D","2013-11-02 10:30:27","2013-11-05 21:43:26",-66.8103390667066,-67.1584179738674,-65.9202565271538,18.2413335685044,18.0124398835805,18.4635708928857,6,3.46734953703704,"Post-breeding migration","","2740-02250",NA,"Setophaga","2013-08-25","1:45:00","2014-04-15",NA,"2013-08-25","2014-04-15","2013-07-01","hatch year",72,12.1,"Female","striata","harness",43.408825,-66.014189,NA,NA,"captured and released on Seal Island, NS, Canada","removal","none","Nova Scotia, Canada","Breeding","Migrate Technology Ltd Intigeo-W50 (0.45 g including harness) geolocators","Seal Island","Migrate Technology Ltd","0.45","Intigeo-W50","tag-retrieval","F579","Deluca et al. 2015","Yes ",300,NA,4.476205333,"South","Yes","Yes",91.86402267,91,0.185,1000,20,3,2,0.9,250,14,FALSE,"No","Eastern",FALSE,FALSE,-65.8820445,43.4367935,"2013-11-10","2014-04-15",2014,"2014-03-20","No","2013-09-01","2013-10-17",NA,NA,0,"Eastern Region","Stopover",NA,"2013-11-10 10:41:35",1,130904.734576256,50219.6742369083,17,9
"22",114,"D","2013-11-10 10:41:35","2014-04-15 10:32:06",-72.3363418915508,-72.7375886953944,-71.9787770837488,11.2599098880884,10.1992911250312,11.8478446373495,7,155.993414351852,"Non-breeding period","","2740-02250",NA,"Setophaga","2013-08-25","1:45:00","2014-04-15",NA,"2013-08-25","2014-04-15","2013-07-01","hatch year",72,12.1,"Female","striata","harness",43.408825,-66.014189,NA,NA,"captured and released on Seal Island, NS, Canada","removal","none","Nova Scotia, Canada","Breeding","Migrate Technology Ltd Intigeo-W50 (0.45 g including harness) geolocators","Seal Island","Migrate Technology Ltd","0.45","Intigeo-W50","tag-retrieval","F579","Deluca et al. 2015","Yes ",300,NA,4.476205333,"South","Yes","Yes",91.86402267,91,0.185,1000,20,3,2,0.9,250,14,FALSE,"No","Eastern",FALSE,FALSE,-65.8820445,43.4367935,"2013-11-10","2014-04-15",2014,"2014-03-20","No","2013-09-01","2013-10-17",NA,NA,0,"Eastern Region","Nonbreeding",1,"2013-11-10 10:41:35",1,82844.5702180422,183516.137536744,9,25
"23",115,"D",NA,NA,-65.8820445,-66.014189,-66.014189,43.4367935,43.408825,43.408825,7,NA,"Post-breeding migration","","2740-02250",NA,"Setophaga","2013-08-25","1:45:00","2014-04-15",NA,"2013-08-25","2014-04-15","2013-07-01","hatch year",72,12.1,"Female","striata","harness",43.408825,-66.014189,NA,NA,"captured and released on Seal Island, NS, Canada","removal","none","Nova Scotia, Canada","Breeding","Migrate Technology Ltd Intigeo-W50 (0.45 g including harness) geolocators","Seal Island","Migrate Technology Ltd","0.45","Intigeo-W50","tag-retrieval","F579","Deluca et al. 2015","Yes ",300,NA,4.476205333,"South","Yes","Yes",91.86402267,91,0.185,1000,20,3,2,0.9,250,14,FALSE,"No","Eastern",FALSE,FALSE,-65.8820445,43.4367935,"2013-11-10","2014-04-15",2014,"2014-03-20","No","2013-09-01","2013-10-17",NA,NA,0,"Eastern Region","Breeding",NA,NA,NA,NA,NA,25,NA
"24",116,"E","2013-06-19 00:56:15","2013-08-20 00:00:45",-72.815699,-72.815699,-72.815699,44.528354,44.528359,44.528359,1,61.9614583333333,"Post-breeding migration","","2540-59026",NA,"Setophaga","2013-06-18","0:50:00","2014-07-08",NA,"2013-06-18","2014-07-08","2012-07-01","Adult",NA,11,"Male ","striata","harness",44.528359,-72.815699,NA,NA,"captured and released on Mt Mansfield, VT","removal","none","Mount Mansfield, Vermont, USA","Breeding","Biotrack model MK-6 (0.6 g including harness) geolocators","","Biotrack","0.6","MK-6","tag-retrieval","","Deluca et al. 2015","No ",120,NA,NA,"Both","Yes","No ",93.38441885,91.5,0.255,1000,20,3,2,0.89,250,14,FALSE,"No ","Eastern",FALSE,FALSE,-72.815699,44.528354,"2013-12-19 10:42","2014-04-24 10:40",2014,"2014-03-20","No","2013-07-01","2013-08-20","2014-05-25","2014-06-10",0,"Eastern Region","Breeding",NA,NA,NA,NA,NA,21,5
"25",117,"E","2013-08-30 23:35:15","2013-09-02 23:36:45",-73.5394089452344,-75.0912440882561,-71.4763660464932,41.6527648030841,39.6047152556745,44.532585536852,3,3.00104166666667,"Post-breeding migration","","2540-59026",NA,"Setophaga","2013-06-18","0:50:00","2014-07-08",NA,"2013-06-18","2014-07-08","2012-07-01","Adult",NA,11,"Male ","striata","harness",44.528359,-72.815699,NA,NA,"captured and released on Mt Mansfield, VT","removal","none","Mount Mansfield, Vermont, USA","Breeding","Biotrack model MK-6 (0.6 g including harness) geolocators","","Biotrack","0.6","MK-6","tag-retrieval","","Deluca et al. 2015","No ",120,NA,NA,"Both","Yes","No ",93.38441885,91.5,0.255,1000,20,3,2,0.89,250,14,FALSE,"No ","Eastern",FALSE,FALSE,-72.815699,44.528354,"2013-12-19 10:42","2014-04-24 10:40",2014,"2014-03-20","No","2013-07-01","2013-08-20","2014-05-25","2014-06-10",0,"Eastern Region","Stopover",NA,"2013-12-19 10:42:05",1,300650.52492642,548568.010395987,5,NA
"26",118,"E","2013-09-04 10:12:21","2013-09-08 10:15:15",-72.2852589022797,-73.9476810112532,-70.661044896743,41.8554786001451,40.7983029014131,44.1918960075857,4,4.00201388888889,"Post-breeding migration","","2540-59026",NA,"Setophaga","2013-06-18","0:50:00","2014-07-08",NA,"2013-06-18","2014-07-08","2012-07-01","Adult",NA,11,"Male ","striata","harness",44.528359,-72.815699,NA,NA,"captured and released on Mt Mansfield, VT","removal","none","Mount Mansfield, Vermont, USA","Breeding","Biotrack model MK-6 (0.6 g including harness) geolocators","","Biotrack","0.6","MK-6","tag-retrieval","","Deluca et al. 2015","No ",120,NA,NA,"Both","Yes","No ",93.38441885,91.5,0.255,1000,20,3,2,0.89,250,14,FALSE,"No ","Eastern",FALSE,FALSE,-72.815699,44.528354,"2013-12-19 10:42","2014-04-24 10:40",2014,"2014-03-20","No","2013-07-01","2013-08-20","2014-05-25","2014-06-10",0,"Eastern Region","Stopover",NA,"2013-12-19 10:42:05",1,272491.920364322,377773.056538691,5,NA
"27",119,"E","2013-09-21 22:34:45","2013-10-02 10:57:49",-74.1200533785837,-75.45510303353,-72.3159416206094,41.148872435628,38.6544780882492,43.7688835862046,5,10.5160185185185,"Post-breeding migration","","2540-59026",NA,"Setophaga","2013-06-18","0:50:00","2014-07-08",NA,"2013-06-18","2014-07-08","2012-07-01","Adult",NA,11,"Male ","striata","harness",44.528359,-72.815699,NA,NA,"captured and released on Mt Mansfield, VT","removal","none","Mount Mansfield, Vermont, USA","Breeding","Biotrack model MK-6 (0.6 g including harness) geolocators","","Biotrack","0.6","MK-6","tag-retrieval","","Deluca et al. 2015","No ",120,NA,NA,"Both","Yes","No ",93.38441885,91.5,0.255,1000,20,3,2,0.89,250,14,FALSE,"No ","Eastern",FALSE,FALSE,-72.815699,44.528354,"2013-12-19 10:42","2014-04-24 10:40",2014,"2014-03-20","No","2013-07-01","2013-08-20","2014-05-25","2014-06-10",0,"Eastern Region","Stopover",NA,"2013-12-19 10:42:05",1,263122.318610372,569333.015742723,5,3
"28",120,"E","2013-10-05 11:08:30","2013-11-03 11:33:15",-76.2537449313385,-76.9103979546281,-75.6173802014259,50.6124193662134,49.5748953384048,50.9144058983225,6,29.0171875,"Post-breeding migration","","2540-59026",NA,"Setophaga","2013-06-18","0:50:00","2014-07-08",NA,"2013-06-18","2014-07-08","2012-07-01","Adult",NA,11,"Male ","striata","harness",44.528359,-72.815699,NA,NA,"captured and released on Mt Mansfield, VT","removal","none","Mount Mansfield, Vermont, USA","Breeding","Biotrack model MK-6 (0.6 g including harness) geolocators","","Biotrack","0.6","MK-6","tag-retrieval","","Deluca et al. 2015","No ",120,NA,NA,"Both","Yes","No ",93.38441885,91.5,0.255,1000,20,3,2,0.89,250,14,FALSE,"No ","Eastern",FALSE,FALSE,-72.815699,44.528354,"2013-12-19 10:42","2014-04-24 10:40",2014,"2014-03-20","No","2013-07-01","2013-08-20","2014-05-25","2014-06-10",0,"Eastern Region","Stopover",NA,"2013-12-19 10:42:05",1,91336.6209449308,149113.633442255,3,14
"29",121,"E","2013-11-04 22:09:16.5","2013-11-08 22:11:09",-72.2621568895975,-72.3094403556649,-72.2142372959101,21.7635696799289,21.7131437009059,21.8100174141461,7,4.00130208333333,"Post-breeding migration","","2540-59026",NA,"Setophaga","2013-06-18","0:50:00","2014-07-08",NA,"2013-06-18","2014-07-08","2012-07-01","Adult",NA,11,"Male ","striata","harness",44.528359,-72.815699,NA,NA,"captured and released on Mt Mansfield, VT","removal","none","Mount Mansfield, Vermont, USA","Breeding","Biotrack model MK-6 (0.6 g including harness) geolocators","","Biotrack","0.6","MK-6","tag-retrieval","","Deluca et al. 2015","No ",120,NA,NA,"Both","Yes","No ",93.38441885,91.5,0.255,1000,20,3,2,0.89,250,14,FALSE,"No ","Eastern",FALSE,FALSE,-72.815699,44.528354,"2013-12-19 10:42","2014-04-24 10:40",2014,"2014-03-20","No","2013-07-01","2013-08-20","2014-05-25","2014-06-10",0,"Eastern Region","Stopover",NA,"2013-12-19 10:42:05",1,9842.55237708864,10783.9324291485,14,9
"30",122,"E","2013-11-10 11:01:49","2013-12-17 22:23:36",-71.7691601957456,-72.1353604056087,-71.470215092462,12.0081987004406,11.0991715427088,12.3463427755136,8,37.4734606481481,"Post-breeding migration","","2540-59026",NA,"Setophaga","2013-06-18","0:50:00","2014-07-08",NA,"2013-06-18","2014-07-08","2012-07-01","Adult",NA,11,"Male ","striata","harness",44.528359,-72.815699,NA,NA,"captured and released on Mt Mansfield, VT","removal","none","Mount Mansfield, Vermont, USA","Breeding","Biotrack model MK-6 (0.6 g including harness) geolocators","","Biotrack","0.6","MK-6","tag-retrieval","","Deluca et al. 2015","No ",120,NA,NA,"Both","Yes","No ",93.38441885,91.5,0.255,1000,20,3,2,0.89,250,14,FALSE,"No ","Eastern",FALSE,FALSE,-72.815699,44.528354,"2013-12-19 10:42","2014-04-24 10:40",2014,"2014-03-20","No","2013-07-01","2013-08-20","2014-05-25","2014-06-10",0,"Eastern Region","Stopover",NA,"2013-12-19 10:42:05",1,72423.3852158226,138834.466567845,9,NA
"31",123,"E","2013-12-19 10:42:05","2014-01-18 22:43:42",-70.9640569441699,-71.3820454467478,-70.5876755943959,9.89323178800164,8.61570735965251,10.7750395828872,9,30.5011226851852,"Non-breeding period","","2540-59026",NA,"Setophaga","2013-06-18","0:50:00","2014-07-08",NA,"2013-06-18","2014-07-08","2012-07-01","Adult",NA,11,"Male ","striata","harness",44.528359,-72.815699,NA,NA,"captured and released on Mt Mansfield, VT","removal","none","Mount Mansfield, Vermont, USA","Breeding","Biotrack model MK-6 (0.6 g including harness) geolocators","","Biotrack","0.6","MK-6","tag-retrieval","","Deluca et al. 2015","No ",120,NA,NA,"Both","Yes","No ",93.38441885,91.5,0.255,1000,20,3,2,0.89,250,14,FALSE,"No ","Eastern",FALSE,FALSE,-72.815699,44.528354,"2013-12-19 10:42","2014-04-24 10:40",2014,"2014-03-20","No","2013-07-01","2013-08-20","2014-05-25","2014-06-10",0,"Eastern Region","Nonbreeding",1,"2013-12-19 10:42:05",1,87113.8570866479,240375.763543988,9,21
"32",124,"E",NA,NA,-72.815699,-72.815699,-72.815699,44.528354,44.528359,44.528359,9,NA,"Post-breeding migration","","2540-59026",NA,"Setophaga","2013-06-18","0:50:00","2014-07-08",NA,"2013-06-18","2014-07-08","2012-07-01","Adult",NA,11,"Male ","striata","harness",44.528359,-72.815699,NA,NA,"captured and released on Mt Mansfield, VT","removal","none","Mount Mansfield, Vermont, USA","Breeding","Biotrack model MK-6 (0.6 g including harness) geolocators","","Biotrack","0.6","MK-6","tag-retrieval","","Deluca et al. 2015","No ",120,NA,NA,"Both","Yes","No ",93.38441885,91.5,0.255,1000,20,3,2,0.89,250,14,FALSE,"No ","Eastern",FALSE,FALSE,-72.815699,44.528354,"2013-12-19 10:42","2014-04-24 10:40",2014,"2014-03-20","No","2013-07-01","2013-08-20","2014-05-25","2014-06-10",0,"Eastern Region","Breeding",NA,NA,NA,NA,NA,21,NA
"33",166,"V8296_004","2019-07-11 00:54:46","2019-08-16 09:26:46",-71.08742,-71.08315,-71.08315,47.38323,47.38248,47.38248,1,36.3555555555556,"Post-breeding migration","","2920-25333",NA,"Setophaga","2019-07-10","7:00","?",NA,"2019-07-10","","","",71,12,"Male","striata","harness",47.38248,-71.08315,NA,NA,"","","","Quebec","Breeding","","","Lotek","?","ML-6740","","","Unpublished","No ",120,NA,59.21956088,"Both","Yes","Yes",92.84767818,93.75,0.15,1000,20,3,2,0.9,250,14,FALSE,"","Eastern",FALSE,FALSE,-71.08742,47.38323,"2019-10-04 10:16","2020-04-18 10:45",2020,"2020-03-19","No","2019-07-17","2019-09-10",NA,NA,0,"Eastern Region","Breeding",NA,NA,NA,NA,NA,26,5
"34",167,"V8296_004","2019-09-06 09:53:16","2019-09-19 22:54:16",-69.2938083567986,-69.7735584498675,-68.7748924257008,49.5677545801297,48.4555262287463,50.9974690514974,5,13.5423611111111,"Post-breeding migration","","2920-25333",NA,"Setophaga","2019-07-10","7:00","?",NA,"2019-07-10","","","",71,12,"Male","striata","harness",47.38248,-71.08315,NA,NA,"","","","Quebec","Breeding","","","Lotek","?","ML-6740","","","Unpublished","No ",120,NA,59.21956088,"Both","Yes","Yes",92.84767818,93.75,0.15,1000,20,3,2,0.9,250,14,FALSE,"","Eastern",FALSE,FALSE,-71.08742,47.38323,"2019-10-04 10:16","2020-04-18 10:45",2020,"2020-03-19","No","2019-07-17","2019-09-10",NA,NA,0,"Eastern Region","Stopover",NA,"2019-10-04 10:16:46",1,72099.2391976358,282967.780654274,5,7
"35",168,"V8296_004","2019-09-21 09:56:01","2019-09-28 22:27:26",-67.4862727392398,-68.0355335998922,-66.9067878568555,51.1584838062438,47.8430686171562,54.4713893927136,6,7.52181712962963,"Post-breeding migration","","2920-25333",NA,"Setophaga","2019-07-10","7:00","?",NA,"2019-07-10","","","",71,12,"Male","striata","harness",47.38248,-71.08315,NA,NA,"","","","Quebec","Breeding","","","Lotek","?","ML-6740","","","Unpublished","No ",120,NA,59.21956088,"Both","Yes","Yes",92.84767818,93.75,0.15,1000,20,3,2,0.9,250,14,FALSE,"","Eastern",FALSE,FALSE,-71.08742,47.38323,"2019-10-04 10:16","2020-04-18 10:45",2020,"2020-03-19","No","2019-07-17","2019-09-10",NA,NA,0,"Eastern Region","Stopover",NA,"2019-10-04 10:16:46",1,78803.8090372631,737861.293549519,7,14
"36",169,"V8296_004","2019-09-30 10:08:31","2019-10-02 22:48:46",-71.5593069812728,-71.7524100392276,-71.4702276370702,17.8331963460271,17.7115100486548,18.1008010085106,7,2.52795138888889,"Post-breeding migration","","2920-25333",NA,"Setophaga","2019-07-10","7:00","?",NA,"2019-07-10","","","",71,12,"Male","striata","harness",47.38248,-71.08315,NA,NA,"","","","Quebec","Breeding","","","Lotek","?","ML-6740","","","Unpublished","No ",120,NA,59.21956088,"Both","Yes","Yes",92.84767818,93.75,0.15,1000,20,3,2,0.9,250,14,FALSE,"","Eastern",FALSE,FALSE,-71.08742,47.38323,"2019-10-04 10:16","2020-04-18 10:45",2020,"2020-03-19","No","2019-07-17","2019-09-10",NA,NA,0,"Eastern Region","Stopover",NA,"2019-10-04 10:16:46",1,29903.0991170897,43335.6714215782,14,13
"37",170,"V8296_004","2019-10-04 10:16:46","2020-02-15 22:58:16",-67.9109740155303,-68.0819882875701,-67.7311927935528,5.16639120167079,4.59410466616031,5.70179745070309,8,134.528819444444,"Non-breeding period","","2920-25333",NA,"Setophaga","2019-07-10","7:00","?",NA,"2019-07-10","","","",71,12,"Male","striata","harness",47.38248,-71.08315,NA,NA,"","","","Quebec","Breeding","","","Lotek","?","ML-6740","","","Unpublished","No ",120,NA,59.21956088,"Both","Yes","Yes",92.84767818,93.75,0.15,1000,20,3,2,0.9,250,14,FALSE,"","Eastern",FALSE,FALSE,-71.08742,47.38323,"2019-10-04 10:16","2020-04-18 10:45",2020,"2020-03-19","No","2019-07-17","2019-09-10",NA,NA,0,"Eastern Region","Nonbreeding",1,"2019-10-04 10:16:46",1,38891.7288628013,123307.796730686,13,26
"38",171,"V8296_004",NA,NA,-71.08742,-71.08315,-71.08315,47.38323,47.38248,47.38248,8,NA,"Post-breeding migration","","2920-25333",NA,"Setophaga","2019-07-10","7:00","?",NA,"2019-07-10","","","",71,12,"Male","striata","harness",47.38248,-71.08315,NA,NA,"","","","Quebec","Breeding","","","Lotek","?","ML-6740","","","Unpublished","No ",120,NA,59.21956088,"Both","Yes","Yes",92.84767818,93.75,0.15,1000,20,3,2,0.9,250,14,FALSE,"","Eastern",FALSE,FALSE,-71.08742,47.38323,"2019-10-04 10:16","2020-04-18 10:45",2020,"2020-03-19","No","2019-07-17","2019-09-10",NA,NA,0,"Eastern Region","Breeding",NA,NA,NA,NA,NA,26,NA
"39",172,"V8296_005","2019-06-19 01:18:52","2019-08-24 09:41:28",-71.08742,-71.09479,-71.09479,47.38323,47.38323,47.38323,1,66.3490277777778,"Post-breeding migration","","2920-25307",NA,"Setophaga","2019-06-18","6:45","?",NA,"2019-06-18","","","",72,11.4,"Male","striata","harness",47.38323,-71.09479,NA,NA,"","","","Quebec","Breeding","","","Lotek","?","ML-6740","","","Unpublished","Yes ",120,NA,55.95313996,"Both","Yes","Yes",93.33852757,93,0.08,1000,20,3,2,0.86,250,14,FALSE,"Yes","Eastern",TRUE,FALSE,-71.08742,47.38323,"2019-09-30","2020-04-21",2020,"2020-03-19","No","2019-07-01","2019-08-20",NA,NA,0,"Eastern Region","Breeding",NA,NA,NA,NA,NA,26,5
"40",173,"V8296_005","2019-09-01 09:46:32","2019-09-05 23:31:00",-71.1458634944929,-71.9551585785935,-70.2938822037704,45.0184542523249,43.322380591257,47.0896818174664,2,4.5725462962963,"Post-breeding migration","","2920-25307",NA,"Setophaga","2019-06-18","6:45","?",NA,"2019-06-18","","","",72,11.4,"Male","striata","harness",47.38323,-71.09479,NA,NA,"","","","Quebec","Breeding","","","Lotek","?","ML-6740","","","Unpublished","Yes ",120,NA,55.95313996,"Both","Yes","Yes",93.33852757,93,0.08,1000,20,3,2,0.86,250,14,FALSE,"Yes","Eastern",TRUE,FALSE,-71.08742,47.38323,"2019-09-30","2020-04-21",2020,"2020-03-19","No","2019-07-01","2019-08-20",NA,NA,0,"Eastern Region","Stopover",NA,"2019-10-09 04:00:00",1,130722.566139642,419374.054166507,5,7
"41",174,"V8296_005","2019-09-07 10:02:02","2019-09-29 09:51:47",-64.5438088540473,-64.5509637882379,-64.5257138438059,46.769606301287,46.7566837429987,46.7725192767962,3,21.9928819444444,"Post-breeding migration","","2920-25307",NA,"Setophaga","2019-06-18","6:45","?",NA,"2019-06-18","","","",72,11.4,"Male","striata","harness",47.38323,-71.09479,NA,NA,"","","","Quebec","Breeding","","","Lotek","?","ML-6740","","","Unpublished","Yes ",120,NA,55.95313996,"Both","Yes","Yes",93.33852757,93,0.08,1000,20,3,2,0.86,250,14,FALSE,"Yes","Eastern",TRUE,FALSE,-71.08742,47.38323,"2019-09-30","2020-04-21",2020,"2020-03-19","No","2019-07-01","2019-08-20",NA,NA,0,"Eastern Region","Stopover",NA,"2019-10-09 04:00:00",1,1925.21915624978,1762.80355877499,7,14
"42",175,"V8296_005","2019-10-01 04:00:00","2019-10-08 04:00:00",-69.1581678885858,-70.7883154328273,-67.2429266398829,18.894488,NA,NA,4,7,"Post-breeding migration","","2920-25307",NA,"Setophaga","2019-06-18","6:45","?",NA,"2019-06-18","","","",72,11.4,"Male","striata","harness",47.38323,-71.09479,NA,NA,"","","","Quebec","Breeding","","","Lotek","?","ML-6740","","","Unpublished","Yes ",120,NA,55.95313996,"Both","Yes","Yes",93.33852757,93,0.08,1000,20,3,2,0.86,250,14,FALSE,"Yes","Eastern",TRUE,FALSE,-71.08742,47.38323,"2019-09-30","2020-04-21",2020,"2020-03-19","No","2019-07-01","2019-08-20",NA,NA,0,"Eastern Region","Stopover",NA,"2019-10-09 04:00:00",1,373398.384195841,NA,14,15
"43",176,"V8296_005","2019-10-09 04:00:00","2020-03-14 10:52:02",-70.8730578278812,-70.9579748988195,-70.8070442176275,0.77348508142151,0.128778284542854,1.62356611346672,5,157.286134259259,"Non-breeding period","","2920-25307",NA,"Setophaga","2019-06-18","6:45","?",NA,"2019-06-18","","","",72,11.4,"Male","striata","harness",47.38323,-71.09479,NA,NA,"","","","Quebec","Breeding","","","Lotek","?","ML-6740","","","Unpublished","Yes ",120,NA,55.95313996,"Both","Yes","Yes",93.33852757,93,0.08,1000,20,3,2,0.86,250,14,FALSE,"Yes","Eastern",TRUE,FALSE,-71.08742,47.38323,"2019-09-30","2020-04-21",2020,"2020-03-19","No","2019-07-01","2019-08-20",NA,NA,0,"Eastern Region","Nonbreeding",1,"2019-10-09 04:00:00",1,16799.9955900667,166399.019959788,15,26
"44",177,"V8296_005",NA,NA,-71.08742,-71.09479,-71.09479,47.38323,47.38323,47.38323,5,NA,"Post-breeding migration","","2920-25307",NA,"Setophaga","2019-06-18","6:45","?",NA,"2019-06-18","","","",72,11.4,"Male","striata","harness",47.38323,-71.09479,NA,NA,"","","","Quebec","Breeding","","","Lotek","?","ML-6740","","","Unpublished","Yes ",120,NA,55.95313996,"Both","Yes","Yes",93.33852757,93,0.08,1000,20,3,2,0.86,250,14,FALSE,"Yes","Eastern",TRUE,FALSE,-71.08742,47.38323,"2019-09-30","2020-04-21",2020,"2020-03-19","No","2019-07-01","2019-08-20",NA,NA,0,"Eastern Region","Breeding",NA,NA,NA,NA,NA,26,NA
"45",178,"V8296_006","2019-07-09 00:45:39","2019-08-14 09:28:02",-71.08742,-71.08172,-71.08172,47.38323,47.38599,47.38599,1,36.3627662037037,"Post-breeding migration","","2920-25329",NA,"Setophaga","2019-07-09","8:20","?",NA,"2019-07-09","","","",73,13.1,"Male","striata","harness",47.38599,-71.08172,NA,NA,"","","","Quebec","Breeding","","","Lotek","?","ML-6740","","","Unpublished","No",120,NA,NA,"Both","Yes","Yes",92.40639789,93,0.1,1000,20,3,2,0.92,250,14,FALSE,"Yes ","Eastern",FALSE,FALSE,-71.08742,47.38323,"2019-10-13","2020-05-04",2020,"2020-03-19","No","2019-07-17","2019-09-10",NA,NA,0,"Eastern Region","Breeding",NA,NA,NA,NA,NA,26,5
"46",179,"V8296_006","2019-08-28 09:42:04","2019-08-31 09:53:55",-69.7903722683946,-71.2891662072428,-68.0038935108353,44.7687798663106,43.7358628301832,47.0762108307035,3,3.00822916666667,"Post-breeding migration","","2920-25329",NA,"Setophaga","2019-07-09","8:20","?",NA,"2019-07-09","","","",73,13.1,"Male","striata","harness",47.38599,-71.08172,NA,NA,"","","","Quebec","Breeding","","","Lotek","?","ML-6740","","","Unpublished","No",120,NA,NA,"Both","Yes","Yes",92.40639789,93,0.1,1000,20,3,2,0.92,250,14,FALSE,"Yes ","Eastern",FALSE,FALSE,-71.08742,47.38323,"2019-10-13","2020-05-04",2020,"2020-03-19","No","2019-07-17","2019-09-10",NA,NA,0,"Eastern Region","Stopover",NA,"2019-10-13 22:37:27",1,259623.314422611,371845.838490247,5,NA
"47",180,"V8296_006","2019-09-21 23:07:06","2019-09-24 10:32:12",-73.5604379138017,-74.878747515785,-72.2170107729149,49.4792789109851,43.3365039193963,54.013903920861,6,2.47576388888889,"Post-breeding migration","","2920-25329",NA,"Setophaga","2019-07-09","8:20","?",NA,"2019-07-09","","","",73,13.1,"Male","striata","harness",47.38599,-71.08172,NA,NA,"","","","Quebec","Breeding","","","Lotek","?","ML-6740","","","Unpublished","No",120,NA,NA,"Both","Yes","Yes",92.40639789,93,0.1,1000,20,3,2,0.92,250,14,FALSE,"Yes ","Eastern",FALSE,FALSE,-71.08742,47.38323,"2019-10-13","2020-05-04",2020,"2020-03-19","No","2019-07-17","2019-09-10",NA,NA,0,"Eastern Region","Stopover",NA,"2019-10-13 22:37:27",1,192504.988059104,1188602.73115914,5,3
"48",181,"V8296_006","2019-09-29 23:16:57","2019-10-11 22:59:16",-79.1883404826838,-79.3632695769719,-79.0491581703666,33.6585672337843,33.1487462609971,34.8000484476452,7,11.9877199074074,"Post-breeding migration","","2920-25329",NA,"Setophaga","2019-07-09","8:20","?",NA,"2019-07-09","","","",73,13.1,"Male","striata","harness",47.38599,-71.08172,NA,NA,"","","","Quebec","Breeding","","","Lotek","?","ML-6740","","","Unpublished","No",120,NA,NA,"Both","Yes","Yes",92.40639789,93,0.1,1000,20,3,2,0.92,250,14,FALSE,"Yes ","Eastern",FALSE,FALSE,-71.08742,47.38323,"2019-10-13","2020-05-04",2020,"2020-03-19","No","2019-07-17","2019-09-10",NA,NA,0,"Eastern Region","Stopover",NA,"2019-10-13 22:37:27",1,29104.719234475,183822.118563483,3,9
"49",182,"V8296_006","2019-10-13 22:37:27","2019-11-18 10:25:47",-69.9907828657405,-70.1368559668969,-69.8121314997158,11.7512172364969,11.631350362365,11.9996836094007,8,35.4918981481481,"Non-breeding period","","2920-25329",NA,"Setophaga","2019-07-09","8:20","?",NA,"2019-07-09","","","",73,13.1,"Male","striata","harness",47.38599,-71.08172,NA,NA,"","","","Quebec","Breeding","","","Lotek","?","ML-6740","","","Unpublished","No",120,NA,NA,"Both","Yes","Yes",92.40639789,93,0.1,1000,20,3,2,0.92,250,14,FALSE,"Yes ","Eastern",FALSE,FALSE,-71.08742,47.38323,"2019-10-13","2020-05-04",2020,"2020-03-19","No","2019-07-17","2019-09-10",NA,NA,0,"Eastern Region","Nonbreeding",1,"2019-10-13 22:37:27",1,35390.5363111032,41002.6695022535,9,26
"50",183,"V8296_006",NA,NA,-71.08742,-71.08172,-71.08172,47.38323,47.38599,47.38599,8,NA,"Post-breeding migration","","2920-25329",NA,"Setophaga","2019-07-09","8:20","?",NA,"2019-07-09","","","",73,13.1,"Male","striata","harness",47.38599,-71.08172,NA,NA,"","","","Quebec","Breeding","","","Lotek","?","ML-6740","","","Unpublished","No",120,NA,NA,"Both","Yes","Yes",92.40639789,93,0.1,1000,20,3,2,0.92,250,14,FALSE,"Yes ","Eastern",FALSE,FALSE,-71.08742,47.38323,"2019-10-13","2020-05-04",2020,"2020-03-19","No","2019-07-17","2019-09-10",NA,NA,0,"Eastern Region","Breeding",NA,NA,NA,NA,NA,26,NA
"51",184,"V8296_007","2019-07-09 01:03:06","2019-07-10 01:08:06",-71.08742,-71.0869,-71.0869,47.38323,47.38746,47.38746,1,1.00347222222222,"Post-breeding migration","","2920-25318",NA,"Setophaga","2019-06-20","5:35","?",NA,"2019-06-20","","","",73,12.1,"Male","striata","harness",47.38746,-71.0869,NA,NA,"","","","Quebec","Breeding","","","Lotek","?","ML-6740","","","Unpublished","No",120,NA,54.3868677,"South and partial North","Yes","Yes",92.90782594,93.25,0.15,1000,20,3,2,0.9,250,14,FALSE,"","Eastern",TRUE,FALSE,-71.08742,47.38323,"2019-10-07","2020-04-23",2020,"2020-03-19","No","2019-07-10","2019-09-10",NA,NA,0,"Eastern Region","Breeding",NA,NA,NA,NA,NA,26,5
"52",185,"V8296_007","2019-08-27 09:46:50","2019-08-29 09:47:06",-70.0426939088753,-71.6899206249758,-68.2002760572739,44.4034915852123,42.4748839144454,46.5719891276658,5,2.00018518518519,"Post-breeding migration","","2920-25318",NA,"Setophaga","2019-06-20","5:35","?",NA,"2019-06-20","","","",73,12.1,"Male","striata","harness",47.38746,-71.0869,NA,NA,"","","","Quebec","Breeding","","","Lotek","?","ML-6740","","","Unpublished","No",120,NA,54.3868677,"South and partial North","Yes","Yes",92.90782594,93.25,0.15,1000,20,3,2,0.9,250,14,FALSE,"","Eastern",TRUE,FALSE,-71.08742,47.38323,"2019-10-07","2020-04-23",2020,"2020-03-19","No","2019-07-10","2019-09-10",NA,NA,0,"Eastern Region","Stopover",NA,"2020-03-17 22:56:00",1,277510.386915586,456087.666062166,5,NA
"53",186,"V8296_007","2019-08-30 23:37:36","2019-09-12 23:19:51",-71.78798916194,-72.380833217685,-71.2094643802871,42.6493071714169,41.5737236440189,44.3043066710378,6,12.9876736111111,"Post-breeding migration","","2920-25318",NA,"Setophaga","2019-06-20","5:35","?",NA,"2019-06-20","","","",73,12.1,"Male","striata","harness",47.38746,-71.0869,NA,NA,"","","","Quebec","Breeding","","","Lotek","?","ML-6740","","","Unpublished","No",120,NA,54.3868677,"South and partial North","Yes","Yes",92.90782594,93.25,0.15,1000,20,3,2,0.9,250,14,FALSE,"","Eastern",TRUE,FALSE,-71.08742,47.38323,"2019-10-07","2020-04-23",2020,"2020-03-19","No","2019-07-10","2019-09-10",NA,NA,0,"Eastern Region","Stopover",NA,"2020-03-17 22:56:00",1,95907.4919982189,303967.112136499,5,14
"54",187,"V8296_007","2019-10-03 04:00:00","2019-10-06 04:00:00",-71.9362230322614,-72.4443942798439,-71.2310022539844,18.747636,NA,NA,7,3,"Post-breeding migration","","2920-25318",NA,"Setophaga","2019-06-20","5:35","?",NA,"2019-06-20","","","",73,12.1,"Male","striata","harness",47.38746,-71.0869,NA,NA,"","","","Quebec","Breeding","","","Lotek","?","ML-6740","","","Unpublished","No",120,NA,54.3868677,"South and partial North","Yes","Yes",92.90782594,93.25,0.15,1000,20,3,2,0.9,250,14,FALSE,"","Eastern",TRUE,FALSE,-71.08742,47.38323,"2019-10-07","2020-04-23",2020,"2020-03-19","No","2019-07-10","2019-09-10",NA,NA,0,"Eastern Region","Stopover",NA,"2020-03-17 22:56:00",1,127907.357469248,NA,14,13
"55",188,"V8296_007","2019-10-07 04:00:00","2020-03-16 10:22:51",-67.6461456005247,-67.6478112916315,-67.6435167683346,6.49659726077772,6.45751263940855,6.5193435126501,8,161.265868055556,"Post-breeding migration","","2920-25318",NA,"Setophaga","2019-06-20","5:35","?",NA,"2019-06-20","","","",73,12.1,"Male","striata","harness",47.38746,-71.0869,NA,NA,"","","","Quebec","Breeding","","","Lotek","?","ML-6740","","","Unpublished","No",120,NA,54.3868677,"South and partial North","Yes","Yes",92.90782594,93.25,0.15,1000,20,3,2,0.9,250,14,FALSE,"","Eastern",TRUE,FALSE,-71.08742,47.38323,"2019-10-07","2020-04-23",2020,"2020-03-19","No","2019-07-10","2019-09-10",NA,NA,0,"Eastern Region","Stopover",NA,"2020-03-17 22:56:00",1,474.994294469006,6882.98132455348,13,9
"56",189,"V8296_007","2020-03-17 22:56:00","2020-04-23 22:51:51",-67.2288923724427,-67.5223121247567,-66.9451475489556,9.39605734669678,7.43714052201457,10.4475782689727,9,36.9971180555556,"Non-breeding period","","2920-25318",NA,"Setophaga","2019-06-20","5:35","?",NA,"2019-06-20","","","",73,12.1,"Male","striata","harness",47.38746,-71.0869,NA,NA,"","","","Quebec","Breeding","","","Lotek","?","ML-6740","","","Unpublished","No",120,NA,54.3868677,"South and partial North","Yes","Yes",92.90782594,93.25,0.15,1000,20,3,2,0.9,250,14,FALSE,"","Eastern",TRUE,FALSE,-71.08742,47.38323,"2019-10-07","2020-04-23",2020,"2020-03-19","No","2019-07-10","2019-09-10",NA,NA,0,"Eastern Region","Nonbreeding",1,"2020-03-17 22:56:00",1,63387.6473388888,335120.397056232,9,26
"57",190,"V8296_007",NA,NA,-71.08742,-71.0869,-71.0869,47.38323,47.38746,47.38746,9,NA,"Post-breeding migration","","2920-25318",NA,"Setophaga","2019-06-20","5:35","?",NA,"2019-06-20","","","",73,12.1,"Male","striata","harness",47.38746,-71.0869,NA,NA,"","","","Quebec","Breeding","","","Lotek","?","ML-6740","","","Unpublished","No",120,NA,54.3868677,"South and partial North","Yes","Yes",92.90782594,93.25,0.15,1000,20,3,2,0.9,250,14,FALSE,"","Eastern",TRUE,FALSE,-71.08742,47.38323,"2019-10-07","2020-04-23",2020,"2020-03-19","No","2019-07-10","2019-09-10",NA,NA,0,"Eastern Region","Breeding",NA,NA,NA,NA,NA,26,NA
"58",191,"V8296_008","2019-06-22 01:01:17","2019-07-31 09:04:03",-71.08742,-71.08481,-71.08481,47.38323,47.3895,47.3895,1,39.3352546296296,"Post-breeding migration","","2920-25324",NA,"Setophaga","2019-06-21","7:45","?",NA,"2019-06-21","","","",72,12.2,"Male","striata","harness",47.3895,-71.08481,NA,NA,"","","","Quebec","Breeding","","","Lotek","?","ML-6740","","","Unpublished","No",120,NA,55.21313448,"South and partial North","Yes","Yes",93.14868707,93,0.1,1000,20,3,2,0.86,250,14,FALSE,"Yes ","Eastern",FALSE,FALSE,-71.08742,47.38323,"2019-10-07","2020-04-11",2020,"2020-03-19","No","2019-07-01","2019-09-15",NA,NA,0,"Eastern Region","Breeding",NA,NA,NA,NA,NA,26,5
"59",192,"V8296_008","2019-08-06 00:17:29","2019-08-14 09:32:17",-72.1615448164582,-72.9345293364755,-71.3890317910864,45.1444758962818,44.2413534533735,46.1359914449121,2,8.38527777777778,"Post-breeding migration","","2920-25324",NA,"Setophaga","2019-06-21","7:45","?",NA,"2019-06-21","","","",72,12.2,"Male","striata","harness",47.3895,-71.08481,NA,NA,"","","","Quebec","Breeding","","","Lotek","?","ML-6740","","","Unpublished","No",120,NA,55.21313448,"South and partial North","Yes","Yes",93.14868707,93,0.1,1000,20,3,2,0.86,250,14,FALSE,"Yes ","Eastern",FALSE,FALSE,-71.08742,47.38323,"2019-10-07","2020-04-11",2020,"2020-03-19","No","2019-07-01","2019-09-15",NA,NA,0,"Eastern Region","Stopover",NA,"2019-10-07 10:30:17",1,121344.484743463,210910.136455666,5,14
"60",193,"V8296_008","2019-09-22 10:20:02","2019-10-05 23:02:17",-72.2623312595996,-72.272844750695,-72.2427222542889,19.397695698805,18.3366610792084,19.7458157510354,5,13.5293402777778,"Post-breeding migration","","2920-25324",NA,"Setophaga","2019-06-21","7:45","?",NA,"2019-06-21","","","",72,12.2,"Male","striata","harness",47.3895,-71.08481,NA,NA,"","","","Quebec","Breeding","","","Lotek","?","ML-6740","","","Unpublished","No",120,NA,55.21313448,"South and partial North","Yes","Yes",93.14868707,93,0.1,1000,20,3,2,0.86,250,14,FALSE,"Yes ","Eastern",FALSE,FALSE,-71.08742,47.38323,"2019-10-07","2020-04-11",2020,"2020-03-19","No","2019-07-01","2019-09-15",NA,NA,0,"Eastern Region","Stopover",NA,"2019-10-07 10:30:17",1,3162.87877607703,156866.380516745,14,15
"61",194,"V8296_008","2019-10-07 10:30:17","2019-11-20 22:39:02",-72.0639624184271,-72.3656854783088,-71.7515519199525,0.224421400636197,-1.06682407042693,1.39888669108009,6,44.5060763888889,"Non-breeding period","","2920-25324",NA,"Setophaga","2019-06-21","7:45","?",NA,"2019-06-21","","","",72,12.2,"Male","striata","harness",47.3895,-71.08481,NA,NA,"","","","Quebec","Breeding","","","Lotek","?","ML-6740","","","Unpublished","No",120,NA,55.21313448,"South and partial North","Yes","Yes",93.14868707,93,0.1,1000,20,3,2,0.86,250,14,FALSE,"Yes ","Eastern",FALSE,FALSE,-71.08742,47.38323,"2019-10-07","2020-04-11",2020,"2020-03-19","No","2019-07-01","2019-09-15",NA,NA,0,"Eastern Region","Nonbreeding",1,"2019-10-07 10:30:17",1,68364.5105611887,274481.666414456,15,26
"62",195,"V8296_008",NA,NA,-71.08742,-71.08481,-71.08481,47.38323,47.3895,47.3895,6,NA,"Post-breeding migration","","2920-25324",NA,"Setophaga","2019-06-21","7:45","?",NA,"2019-06-21","","","",72,12.2,"Male","striata","harness",47.3895,-71.08481,NA,NA,"","","","Quebec","Breeding","","","Lotek","?","ML-6740","","","Unpublished","No",120,NA,55.21313448,"South and partial North","Yes","Yes",93.14868707,93,0.1,1000,20,3,2,0.86,250,14,FALSE,"Yes ","Eastern",FALSE,FALSE,-71.08742,47.38323,"2019-10-07","2020-04-11",2020,"2020-03-19","No","2019-07-01","2019-09-15",NA,NA,0,"Eastern Region","Breeding",NA,NA,NA,NA,NA,26,NA
"63",196,"V8296_015","2019-06-19 01:04:41","2019-08-01 09:07:56",-71.08742,-71.09479,-71.09479,47.38323,47.38323,47.38323,1,43.3355902777778,"Post-breeding migration","","2920-25306",NA,"Setophaga","2019-06-18","6:45","?",NA,"2019-06-18","","","",71,11.6,"Male","striata","harness",47.38323,-71.09479,NA,NA,"","","","Quebec","Breeding","","","Lotek","?","ML-6740","","","Unpublished","No",120,NA,53.31282753,"South","Yes","Yes",92.66070786,94.25,0.15,1000,20,3,2,0.9,250,14,FALSE,"No","Eastern",FALSE,FALSE,-71.08742,47.38323,"2019-10-18",NA,2020,"2020-03-19","No","2019-07-17","2019-09-10",NA,NA,0,"Eastern Region","Breeding",NA,NA,NA,NA,NA,26,5
"64",197,"V8296_015","2019-08-17 09:41:46","2019-08-26 23:56:11",-72.1277136436009,-73.000936924904,-71.3126814890022,45.2183188883473,43.8449559969781,46.7762563343943,3,9.59334490740741,"Post-breeding migration","","2920-25306",NA,"Setophaga","2019-06-18","6:45","?",NA,"2019-06-18","","","",71,11.6,"Male","striata","harness",47.38323,-71.09479,NA,NA,"","","","Quebec","Breeding","","","Lotek","?","ML-6740","","","Unpublished","No",120,NA,53.31282753,"South","Yes","Yes",92.66070786,94.25,0.15,1000,20,3,2,0.9,250,14,FALSE,"No","Eastern",FALSE,FALSE,-71.08742,47.38323,"2019-10-18",NA,2020,"2020-03-19","No","2019-07-17","2019-09-10",NA,NA,0,"Eastern Region","Stopover",NA,"2019-10-18 10:27:53",1,132380.892323323,326310.860923315,5,14
"65",198,"V8296_015","2019-09-21 10:02:01","2019-10-06 22:45:31",-69.6054171184107,-69.6124060246509,-69.5929379532007,18.4577673741618,18.4390799367314,18.5349637489602,5,15.5302083333333,"Post-breeding migration","","2920-25306",NA,"Setophaga","2019-06-18","6:45","?",NA,"2019-06-18","","","",71,11.6,"Male","striata","harness",47.38323,-71.09479,NA,NA,"","","","Quebec","Breeding","","","Lotek","?","ML-6740","","","Unpublished","No",120,NA,53.31282753,"South","Yes","Yes",92.66070786,94.25,0.15,1000,20,3,2,0.9,250,14,FALSE,"No","Eastern",FALSE,FALSE,-71.08742,47.38323,"2019-10-18",NA,2020,"2020-03-19","No","2019-07-17","2019-09-10",NA,NA,0,"Eastern Region","Stopover",NA,"2019-10-18 10:27:53",1,2055.69038668653,10673.7371526206,14,13
"66",199,"V8296_015","2019-10-08 10:19:11","2019-10-16 10:07:53",-69.4075352873375,-70.2428361877509,-68.6372213600318,5.87324189332877,0.687152524342085,10.6138832276829,6,7.99215277777778,"Post-breeding migration","","2920-25306",NA,"Setophaga","2019-06-18","6:45","?",NA,"2019-06-18","","","",71,11.6,"Male","striata","harness",47.38323,-71.09479,NA,NA,"","","","Quebec","Breeding","","","Lotek","?","ML-6740","","","Unpublished","No",120,NA,53.31282753,"South","Yes","Yes",92.66070786,94.25,0.15,1000,20,3,2,0.9,250,14,FALSE,"No","Eastern",FALSE,FALSE,-71.08742,47.38323,"2019-10-18",NA,2020,"2020-03-19","No","2019-07-17","2019-09-10",NA,NA,0,"Eastern Region","Stopover",NA,"2019-10-18 10:27:53",1,177797.926636892,1105038.60713785,13,15
"67",200,"V8296_015","2019-10-18 10:27:53","2020-03-12 10:54:01",-73.9815143701837,-74.209110098429,-73.7597040213801,1.15169519660427,0.426919778555044,1.83201789853083,7,146.018148148148,"Non-breeding period","","2920-25306",NA,"Setophaga","2019-06-18","6:45","?",NA,"2019-06-18","","","",71,11.6,"Male","striata","harness",47.38323,-71.09479,NA,NA,"","","","Quebec","Breeding","","","Lotek","?","ML-6740","","","Unpublished","No",120,NA,53.31282753,"South","Yes","Yes",92.66070786,94.25,0.15,1000,20,3,2,0.9,250,14,FALSE,"No","Eastern",FALSE,FALSE,-71.08742,47.38323,"2019-10-18",NA,2020,"2020-03-19","No","2019-07-17","2019-09-10",NA,NA,0,"Eastern Region","Nonbreeding",1,"2019-10-18 10:27:53",1,50017.5492303764,156414.80723029,15,26
"68",201,"V8296_015",NA,NA,-71.08742,-71.09479,-71.09479,47.38323,47.38323,47.38323,7,NA,"Post-breeding migration","","2920-25306",NA,"Setophaga","2019-06-18","6:45","?",NA,"2019-06-18","","","",71,11.6,"Male","striata","harness",47.38323,-71.09479,NA,NA,"","","","Quebec","Breeding","","","Lotek","?","ML-6740","","","Unpublished","No",120,NA,53.31282753,"South","Yes","Yes",92.66070786,94.25,0.15,1000,20,3,2,0.9,250,14,FALSE,"No","Eastern",FALSE,FALSE,-71.08742,47.38323,"2019-10-18",NA,2020,"2020-03-19","No","2019-07-17","2019-09-10",NA,NA,0,"Eastern Region","Breeding",NA,NA,NA,NA,NA,26,NA
"69",202,"V8296_017","2019-07-12 00:45:20","2019-08-08 09:26:06",-71.08742,-71.08777,-71.08777,47.38323,47.38355,47.38355,1,27.3616435185185,"Post-breeding migration","","2920-25338",NA,"Setophaga","2019-07-11","5:50","2020-05-27",NA,"2019-07-11","","","",72,10.9,"Male","striata","harness",47.38355,-71.08777,NA,NA,"","","","Quebec","Breeding","","","Lotek","?","ML-6740","","","Unpublished","No",120,NA,59.49442113,"Both","Yes","Yes",92.5417576,93.25,0.1,1000,20,3,2,0.92,250,14,FALSE,"","Eastern",TRUE,FALSE,-71.08742,47.38323,"2019-09-25","2020-05-03",2020,"2020-03-19","No","2019-07-17","2019-09-29",NA,NA,0,"Eastern Region","Breeding",NA,NA,NA,NA,NA,26,5
"70",203,"V8296_017","2019-08-28 09:51:56","2019-09-05 23:29:12",-70.2495531483046,-70.9112996910266,-69.6355881849434,44.989129391204,43.8720983568372,46.6714836033043,3,8.5675462962963,"Post-breeding migration","","2920-25338",NA,"Setophaga","2019-07-11","5:50","2020-05-27",NA,"2019-07-11","","","",72,10.9,"Male","striata","harness",47.38355,-71.08777,NA,NA,"","","","Quebec","Breeding","","","Lotek","?","ML-6740","","","Unpublished","No",120,NA,59.49442113,"Both","Yes","Yes",92.5417576,93.25,0.1,1000,20,3,2,0.92,250,14,FALSE,"","Eastern",TRUE,FALSE,-71.08742,47.38323,"2019-09-25","2020-05-03",2020,"2020-03-19","No","2019-07-17","2019-09-29",NA,NA,0,"Eastern Region","Stopover",NA,"2019-10-12 04:00:00",1,100435.346951354,311626.140170919,5,NA
"71",204,"V8296_017","2019-09-15 10:05:00","2019-09-24 10:24:30",-70.0657277811908,-70.432849436444,-69.9503528812217,41.6949667334451,41.628762381189,41.8156415334073,5,9.01354166666667,"Post-breeding migration","","2920-25338",NA,"Setophaga","2019-07-11","5:50","2020-05-27",NA,"2019-07-11","","","",72,10.9,"Male","striata","harness",47.38355,-71.08777,NA,NA,"","","","Quebec","Breeding","","","Lotek","?","ML-6740","","","Unpublished","No",120,NA,59.49442113,"Both","Yes","Yes",92.5417576,93.25,0.1,1000,20,3,2,0.92,250,14,FALSE,"","Eastern",TRUE,FALSE,-71.08742,47.38323,"2019-09-25","2020-05-03",2020,"2020-03-19","No","2019-07-17","2019-09-29",NA,NA,0,"Eastern Region","Stopover",NA,"2019-10-12 04:00:00",1,40105.9718467483,20803.2920648256,5,14
"72",205,"V8296_017","2019-10-07 04:00:00","2019-10-11 04:00:00",-72.4775726248532,-73.5143520421762,-71.5772669242143,19.01,NA,NA,6,4,"Post-breeding migration","","2920-25338",NA,"Setophaga","2019-07-11","5:50","2020-05-27",NA,"2019-07-11","","","",72,10.9,"Male","striata","harness",47.38355,-71.08777,NA,NA,"","","","Quebec","Breeding","","","Lotek","?","ML-6740","","","Unpublished","No",120,NA,59.49442113,"Both","Yes","Yes",92.5417576,93.25,0.1,1000,20,3,2,0.92,250,14,FALSE,"","Eastern",TRUE,FALSE,-71.08742,47.38323,"2019-09-25","2020-05-03",2020,"2020-03-19","No","2019-07-17","2019-09-29",NA,NA,0,"Eastern Region","Stopover",NA,"2019-10-12 04:00:00",1,203873.922747255,NA,14,13
"73",206,"V8296_017","2019-10-12 04:00:00","2020-03-29 10:31:50",-71.2984116623193,-71.3699885217609,-71.2558077484109,6.49353516286714,5.9930760060434,6.91555914968973,7,169.272106481481,"Non-breeding period","","2920-25338",NA,"Setophaga","2019-07-11","5:50","2020-05-27",NA,"2019-07-11","","","",72,10.9,"Male","striata","harness",47.38355,-71.08777,NA,NA,"","","","Quebec","Breeding","","","Lotek","?","ML-6740","","","Unpublished","No",120,NA,59.49442113,"Both","Yes","Yes",92.5417576,93.25,0.1,1000,20,3,2,0.92,250,14,FALSE,"","Eastern",TRUE,FALSE,-71.08742,47.38323,"2019-09-25","2020-05-03",2020,"2020-03-19","No","2019-07-17","2019-09-29",NA,NA,0,"Eastern Region","Nonbreeding",1,"2019-10-12 04:00:00",1,12629.0025714647,102690.353816088,13,26
"74",207,"V8296_017",NA,NA,-71.08742,-71.08777,-71.08777,47.38323,47.38355,47.38355,7,NA,"Post-breeding migration","","2920-25338",NA,"Setophaga","2019-07-11","5:50","2020-05-27",NA,"2019-07-11","","","",72,10.9,"Male","striata","harness",47.38355,-71.08777,NA,NA,"","","","Quebec","Breeding","","","Lotek","?","ML-6740","","","Unpublished","No",120,NA,59.49442113,"Both","Yes","Yes",92.5417576,93.25,0.1,1000,20,3,2,0.92,250,14,FALSE,"","Eastern",TRUE,FALSE,-71.08742,47.38323,"2019-09-25","2020-05-03",2020,"2020-03-19","No","2019-07-17","2019-09-29",NA,NA,0,"Eastern Region","Breeding",NA,NA,NA,NA,NA,26,NA
"75",208,"V8296_025","2019-06-18 00:59:07","2019-06-19 01:07:52",-71.08742,-71.09769,-71.09769,47.38323,47.37864,47.37864,1,1.00607638888889,"Post-breeding migration","","2920-25302",NA,"Setophaga","2019-06-17","5:45","?",NA,"2019-06-17","","","",72,12.3,"Male","striata","harness",47.37864,-71.09769,NA,NA,"","","","Quebec","Breeding","","","Lotek","?","ML-6740","","","Unpublished","No",120,NA,-52.78726481,"South","Yes","Yes",93.27554082,93.5,0.065,1000,20,3,2,0.55,250,14,FALSE,"","Eastern",TRUE,FALSE,-71.08742,47.38323,"2019-10-07 10:32",NA,2020,"2020-03-19","No","2019-06-20","2019-08-10",NA,NA,0,"Eastern Region","Breeding",NA,NA,NA,NA,NA,26,14
"76",209,"V8296_025","2019-10-06 04:00:00","2019-10-16 04:00:00",-72.5000375406609,-74.738631786375,-71.6171999020308,18.747636,NA,NA,3,10,"Post-breeding migration","","2920-25302",NA,"Setophaga","2019-06-17","5:45","?",NA,"2019-06-17","","","",72,12.3,"Male","striata","harness",47.37864,-71.09769,NA,NA,"","","","Quebec","Breeding","","","Lotek","?","ML-6740","","","Unpublished","No",120,NA,-52.78726481,"South","Yes","Yes",93.27554082,93.5,0.065,1000,20,3,2,0.55,250,14,FALSE,"","Eastern",TRUE,FALSE,-71.08742,47.38323,"2019-10-07 10:32",NA,2020,"2020-03-19","No","2019-06-20","2019-08-10",NA,NA,0,"Eastern Region","Stopover",NA,"2019-10-17 04:00:00",1,329036.094233122,NA,14,15
"77",210,"V8296_025","2019-10-17 04:00:00","2019-11-29 10:29:03",-72.0155945477635,-72.3659627940742,-71.6906410145754,3.74133639742428,2.09572400106461,5.16397370119166,4,43.2701736111111,"Non-breeding period","","2920-25302",NA,"Setophaga","2019-06-17","5:45","?",NA,"2019-06-17","","","",72,12.3,"Male","striata","harness",47.37864,-71.09769,NA,NA,"","","","Quebec","Breeding","","","Lotek","?","ML-6740","","","Unpublished","No",120,NA,-52.78726481,"South","Yes","Yes",93.27554082,93.5,0.065,1000,20,3,2,0.55,250,14,FALSE,"","Eastern",TRUE,FALSE,-71.08742,47.38323,"2019-10-07 10:32",NA,2020,"2020-03-19","No","2019-06-20","2019-08-10",NA,NA,0,"Eastern Region","Nonbreeding",1,"2019-10-17 04:00:00",1,75016.2587597358,341555.994244758,15,26
"78",211,"V8296_025",NA,NA,-71.08742,-71.09769,-71.09769,47.38323,47.37864,47.37864,4,NA,"Post-breeding migration","","2920-25302",NA,"Setophaga","2019-06-17","5:45","?",NA,"2019-06-17","","","",72,12.3,"Male","striata","harness",47.37864,-71.09769,NA,NA,"","","","Quebec","Breeding","","","Lotek","?","ML-6740","","","Unpublished","No",120,NA,-52.78726481,"South","Yes","Yes",93.27554082,93.5,0.065,1000,20,3,2,0.55,250,14,FALSE,"","Eastern",TRUE,FALSE,-71.08742,47.38323,"2019-10-07 10:32",NA,2020,"2020-03-19","No","2019-06-20","2019-08-10",NA,NA,0,"Eastern Region","Breeding",NA,NA,NA,NA,NA,26,NA
"79",212,"V8296_026","2019-07-09 23:50:34","2019-07-11 00:58:33",-71.08742,-71.08306,-71.08306,47.38323,47.3811,47.3811,1,1.04721064814815,"Post-breeding migration","","2920-25334",NA,"Setophaga","2019-07-10","7:20","?",NA,"2019-07-10","","","",75,13.4,"Male","striata","harness",47.3811,-71.08306,NA,NA,"","","","Quebec","Breeding","","","Lotek","?","ML-6740","","","Unpublished","No",120,NA,55.38074997,"Both","Yes","Yes",91.87504221,93,0.12,1000,20,3,2,0.9,250,14,FALSE,"","Eastern",FALSE,FALSE,-71.08742,47.38323,"2019-10-02","2020-05-07",2020,"2020-03-19","No","2019-07-20","2019-09-15",NA,NA,0,"Eastern Region","Breeding",NA,NA,NA,NA,NA,26,5
"80",213,"V8296_026","2019-08-17 23:54:14","2019-08-20 00:00:30",-71.9597075631708,-73.5850486184824,-70.3331172269239,44.7139459643449,42.4276381455515,47.4868487751226,3,2.00435185185185,"Post-breeding migration","","2920-25334",NA,"Setophaga","2019-07-10","7:20","?",NA,"2019-07-10","","","",75,13.4,"Male","striata","harness",47.3811,-71.08306,NA,NA,"","","","Quebec","Breeding","","","Lotek","?","ML-6740","","","Unpublished","No",120,NA,55.38074997,"Both","Yes","Yes",91.87504221,93,0.12,1000,20,3,2,0.9,250,14,FALSE,"","Eastern",FALSE,FALSE,-71.08742,47.38323,"2019-10-02","2020-05-07",2020,"2020-03-19","No","2019-07-20","2019-09-15",NA,NA,0,"Eastern Region","Stopover",NA,"2019-10-02 10:21:22",1,257232.708231169,563188.751099774,5,NA
"81",214,"V8296_026","2019-09-03 10:02:51","2019-09-07 23:17:37",-71.740648887763,-72.7127114994698,-70.7367745525881,43.9007004758198,41.7731237585347,47.1043635622696,5,4.5519212962963,"Post-breeding migration","","2920-25334",NA,"Setophaga","2019-07-10","7:20","?",NA,"2019-07-10","","","",75,13.4,"Male","striata","harness",47.3811,-71.08306,NA,NA,"","","","Quebec","Breeding","","","Lotek","?","ML-6740","","","Unpublished","No",120,NA,55.38074997,"Both","Yes","Yes",91.87504221,93,0.12,1000,20,3,2,0.9,250,14,FALSE,"","Eastern",FALSE,FALSE,-71.08742,47.38323,"2019-10-02","2020-05-07",2020,"2020-03-19","No","2019-07-20","2019-09-15",NA,NA,0,"Eastern Region","Stopover",NA,"2019-10-02 10:21:22",1,158486.993670083,593470.900248602,5,NA
"82",215,"V8296_026","2019-09-15 10:04:57","2019-09-19 10:18:07",-71.5228124616151,-72.4615491273798,-70.7095372861416,50.678354891224,47.3807193060165,54.1826564831086,7,4.00914351851852,"Post-breeding migration","","2920-25334",NA,"Setophaga","2019-07-10","7:20","?",NA,"2019-07-10","","","",75,13.4,"Male","striata","harness",47.3811,-71.08306,NA,NA,"","","","Quebec","Breeding","","","Lotek","?","ML-6740","","","Unpublished","No",120,NA,55.38074997,"Both","Yes","Yes",91.87504221,93,0.12,1000,20,3,2,0.9,250,14,FALSE,"","Eastern",FALSE,FALSE,-71.08742,47.38323,"2019-10-02","2020-05-07",2020,"2020-03-19","No","2019-07-20","2019-09-15",NA,NA,0,"Eastern Region","Stopover",NA,"2019-10-02 10:21:22",1,123584.339098197,757188.182961728,5,14
"83",216,"V8296_026","2019-09-22 10:23:07","2019-09-30 22:56:28",-72.1645449902854,-72.1848401061036,-72.1304422975494,19.7919710204436,18.8159352817291,20.1987577524623,8,8.52315972222222,"Post-breeding migration","","2920-25334",NA,"Setophaga","2019-07-10","7:20","?",NA,"2019-07-10","","","",75,13.4,"Male","striata","harness",47.3811,-71.08306,NA,NA,"","","","Quebec","Breeding","","","Lotek","?","ML-6740","","","Unpublished","No",120,NA,55.38074997,"Both","Yes","Yes",91.87504221,93,0.12,1000,20,3,2,0.9,250,14,FALSE,"","Eastern",FALSE,FALSE,-71.08742,47.38323,"2019-10-02","2020-05-07",2020,"2020-03-19","No","2019-07-20","2019-09-15",NA,NA,0,"Eastern Region","Stopover",NA,"2019-10-02 10:21:22",1,5697.82506014943,153935.093299511,14,15
"84",217,"V8296_026","2019-10-02 10:21:22","2020-04-18 10:41:07",-72.7397498383975,-72.7522409648813,-72.7340486309375,2.53005821042273,2.41758853800005,2.58872606059556,9,199.013715277778,"Non-breeding period","","2920-25334",NA,"Setophaga","2019-07-10","7:20","?",NA,"2019-07-10","","","",75,13.4,"Male","striata","harness",47.3811,-71.08306,NA,NA,"","","","Quebec","Breeding","","","Lotek","?","ML-6740","","","Unpublished","No",120,NA,55.38074997,"Both","Yes","Yes",91.87504221,93,0.12,1000,20,3,2,0.9,250,14,FALSE,"","Eastern",FALSE,FALSE,-71.08742,47.38323,"2019-10-02","2020-05-07",2020,"2020-03-19","No","2019-07-20","2019-09-15",NA,NA,0,"Eastern Region","Nonbreeding",1,"2019-10-02 10:21:22",1,2023.18722514358,19050.9418709548,15,26
"85",218,"V8296_026",NA,NA,-71.08742,-71.08306,-71.08306,47.38323,47.3811,47.3811,9,NA,"Post-breeding migration","","2920-25334",NA,"Setophaga","2019-07-10","7:20","?",NA,"2019-07-10","","","",75,13.4,"Male","striata","harness",47.3811,-71.08306,NA,NA,"","","","Quebec","Breeding","","","Lotek","?","ML-6740","","","Unpublished","No",120,NA,55.38074997,"Both","Yes","Yes",91.87504221,93,0.12,1000,20,3,2,0.9,250,14,FALSE,"","Eastern",FALSE,FALSE,-71.08742,47.38323,"2019-10-02","2020-05-07",2020,"2020-03-19","No","2019-07-20","2019-09-15",NA,NA,0,"Eastern Region","Breeding",NA,NA,NA,NA,NA,26,NA
"86",231,"V8757_018","2019-07-12 00:39:42","2019-08-07 09:15:30",-71.08742,-71.08742,-71.08742,47.38323,47.38517,47.38517,1,26.3581944444444,"Post-breeding migration","","2920-25337",NA,"Setophaga","2019-07-11","5:40","?",NA,"2019-07-11","2020-06-03","","",74,12.1,"Male","striata","harness",47.38517,-71.08742,NA,NA,"","","","Quebec","Breeding","","","Lotek","?","ML-6740","","","Unpublished","No",120,NA,56.71374323,"Both","Yes","Yes",92.21088445,90.75,0.05,1000,20,3,2,0.92,250,14,FALSE,"","Eastern",TRUE,FALSE,-71.08742,47.38323,"2019-10-06","2020-04-26",2020,"2020-03-19","No","2019-07-15","2019-08-30","2020-06-01","2020-06-15",0,"Eastern Region","Breeding",NA,NA,NA,NA,NA,26,5
"87",232,"V8757_018","2019-08-11 09:35:00","2019-08-16 09:34:18",-70.2984290531182,-71.5832011168561,-69.0407917422828,44.9724559443191,43.696424719925,46.6843046982046,2,4.99951388888889,"Post-breeding migration","","2920-25337",NA,"Setophaga","2019-07-11","5:40","?",NA,"2019-07-11","2020-06-03","","",74,12.1,"Male","striata","harness",47.38517,-71.08742,NA,NA,"","","","Quebec","Breeding","","","Lotek","?","ML-6740","","","Unpublished","No",120,NA,56.71374323,"Both","Yes","Yes",92.21088445,90.75,0.05,1000,20,3,2,0.92,250,14,FALSE,"","Eastern",TRUE,FALSE,-71.08742,47.38323,"2019-10-06","2020-04-26",2020,"2020-03-19","No","2019-07-15","2019-08-30","2020-06-01","2020-06-15",0,"Eastern Region","Stopover",NA,"2019-10-06 21:55:57",1,200213.138951499,332609.277733499,5,NA
"88",233,"V8757_018","2019-08-21 09:34:36","2019-09-08 23:17:00",-69.8477224508973,-70.6331639513031,-69.1100362748931,44.2793063617177,43.7670729466529,45.3836587443682,3,18.5711111111111,"Post-breeding migration","","2920-25337",NA,"Setophaga","2019-07-11","5:40","?",NA,"2019-07-11","2020-06-03","","",74,12.1,"Male","striata","harness",47.38517,-71.08742,NA,NA,"","","","Quebec","Breeding","","","Lotek","?","ML-6740","","","Unpublished","No",120,NA,56.71374323,"Both","Yes","Yes",92.21088445,90.75,0.05,1000,20,3,2,0.92,250,14,FALSE,"","Eastern",TRUE,FALSE,-71.08742,47.38323,"2019-10-06","2020-04-26",2020,"2020-03-19","No","2019-07-15","2019-08-30","2020-06-01","2020-06-15",0,"Eastern Region","Stopover",NA,"2019-10-06 21:55:57",1,121389.440148668,179957.507825305,5,7
"89",234,"V8757_018","2019-09-15 09:54:45","2019-09-26 04:00:00",-63.3757315603833,-63.3864594773628,-63.3562068696822,53.6279308229665,53.4798270673285,53.6587886627739,5,10.7536458333333,"Post-breeding migration","","2920-25337",NA,"Setophaga","2019-07-11","5:40","?",NA,"2019-07-11","2020-06-03","","",74,12.1,"Male","striata","harness",47.38517,-71.08742,NA,NA,"","","","Quebec","Breeding","","","Lotek","?","ML-6740","","","Unpublished","No",120,NA,56.71374323,"Both","Yes","Yes",92.21088445,90.75,0.05,1000,20,3,2,0.92,250,14,FALSE,"","Eastern",TRUE,FALSE,-71.08742,47.38323,"2019-10-06","2020-04-26",2020,"2020-03-19","No","2019-07-15","2019-08-30","2020-06-01","2020-06-15",0,"Eastern Region","Stopover",NA,"2019-10-06 21:55:57",1,1997.13803095411,19921.9136765412,7,17
"90",235,"V8757_018","2019-09-28 04:00:00","2019-10-02 04:00:00",-61.8141458959384,-63.1165465748642,-60.2305814605499,16.06,NA,NA,6,4,"Post-breeding migration","","2920-25337",NA,"Setophaga","2019-07-11","5:40","?",NA,"2019-07-11","2020-06-03","","",74,12.1,"Male","striata","harness",47.38517,-71.08742,NA,NA,"","","","Quebec","Breeding","","","Lotek","?","ML-6740","","","Unpublished","No",120,NA,56.71374323,"Both","Yes","Yes",92.21088445,90.75,0.05,1000,20,3,2,0.92,250,14,FALSE,"","Eastern",TRUE,FALSE,-71.08742,47.38323,"2019-10-06","2020-04-26",2020,"2020-03-19","No","2019-07-15","2019-08-30","2020-06-01","2020-06-15",0,"Eastern Region","Stopover",NA,"2019-10-06 21:55:57",1,308723.538531289,NA,17,9
"91",236,"V8757_018","2019-10-06 21:55:57","2020-04-26 10:34:09",-70.3204186801942,-70.5535079671795,-70.107735296805,11.1709268013638,10.8099683751031,11.3273029302554,7,202.526527777778,"Non-breeding period","","2920-25337",NA,"Setophaga","2019-07-11","5:40","?",NA,"2019-07-11","2020-06-03","","",74,12.1,"Male","striata","harness",47.38517,-71.08742,NA,NA,"","","","Quebec","Breeding","","","Lotek","?","ML-6740","","","Unpublished","No",120,NA,56.71374323,"Both","Yes","Yes",92.21088445,90.75,0.05,1000,20,3,2,0.92,250,14,FALSE,"","Eastern",TRUE,FALSE,-71.08742,47.38323,"2019-10-06","2020-04-26",2020,"2020-03-19","No","2019-07-15","2019-08-30","2020-06-01","2020-06-15",0,"Eastern Region","Nonbreeding",1,"2019-10-06 21:55:57",1,48683.0007296165,57589.4192493135,9,26
"92",237,"V8757_018",NA,NA,-71.08742,-71.08742,-71.08742,47.38323,47.38517,47.38517,7,NA,"Post-breeding migration","","2920-25337",NA,"Setophaga","2019-07-11","5:40","?",NA,"2019-07-11","2020-06-03","","",74,12.1,"Male","striata","harness",47.38517,-71.08742,NA,NA,"","","","Quebec","Breeding","","","Lotek","?","ML-6740","","","Unpublished","No",120,NA,56.71374323,"Both","Yes","Yes",92.21088445,90.75,0.05,1000,20,3,2,0.92,250,14,FALSE,"","Eastern",TRUE,FALSE,-71.08742,47.38323,"2019-10-06","2020-04-26",2020,"2020-03-19","No","2019-07-15","2019-08-30","2020-06-01","2020-06-15",0,"Eastern Region","Breeding",NA,NA,NA,NA,NA,26,NA
"93",259,"V8757_078","2019-06-18 01:00:37","2019-09-18 23:12:15",-71.08742,-71.09769,-71.09769,47.38323,47.37864,47.37864,1,92.9247453703704,"Post-breeding migration","","2920-25303",NA,"Setophaga","2019-06-17","6:10","?",NA,"2019-06-17","2020-06-17","","",69,10.7,"Male","striata","harness",47.37864,-71.09769,NA,NA,"","","","Quebec","Breeding","","","Lotek","?","ML-6740","","","Unpublished","No",120,NA,56.24816041,"Both","Yes","Yes",92.72218901,93,0.11,1000,20,3,2,0.87,250,14,FALSE,"","Eastern",TRUE,FALSE,-71.08742,47.38323,"2019-10-09 10:38","2020-04-28 10:15",2020,"2020-03-19","No","2019-07-01","2019-09-20","2020-06-05","2020-06-15",0,"Eastern Region","Breeding",NA,NA,NA,NA,NA,26,5
"94",260,"V8757_078","2019-09-23 10:23:10","2019-09-29 04:00:00",-72.6382862367179,-73.4105503289635,-71.9043940584817,42.6645777312216,40.9251988258641,47.397679984542,2,5.73391203703704,"Post-breeding migration","","2920-25303",NA,"Setophaga","2019-06-17","6:10","?",NA,"2019-06-17","2020-06-17","","",69,10.7,"Male","striata","harness",47.37864,-71.09769,NA,NA,"","","","Quebec","Breeding","","","Lotek","?","ML-6740","","","Unpublished","No",120,NA,56.24816041,"Both","Yes","Yes",92.72218901,93,0.11,1000,20,3,2,0.87,250,14,FALSE,"","Eastern",TRUE,FALSE,-71.08742,47.38323,"2019-10-09 10:38","2020-04-28 10:15",2020,"2020-03-19","No","2019-07-01","2019-09-20","2020-06-05","2020-06-15",0,"Eastern Region","Stopover",NA,"2019-10-09 10:38:50",1,123287.765623447,720513.306753078,5,14
"95",261,"V8757_078","2019-10-02 04:00:00","2019-10-08 04:00:00",-73.2927845471516,-74.104382453973,-72.5590998846069,18.35,NA,NA,3,6,"Post-breeding migration","","2920-25303",NA,"Setophaga","2019-06-17","6:10","?",NA,"2019-06-17","2020-06-17","","",69,10.7,"Male","striata","harness",47.37864,-71.09769,NA,NA,"","","","Quebec","Breeding","","","Lotek","?","ML-6740","","","Unpublished","No",120,NA,56.24816041,"Both","Yes","Yes",92.72218901,93,0.11,1000,20,3,2,0.87,250,14,FALSE,"","Eastern",TRUE,FALSE,-71.08742,47.38323,"2019-10-09 10:38","2020-04-28 10:15",2020,"2020-03-19","No","2019-07-01","2019-09-20","2020-06-05","2020-06-15",0,"Eastern Region","Stopover",NA,"2019-10-09 10:38:50",1,163272.548032232,NA,14,13
"96",262,"V8757_078","2019-10-09 10:38:50","2020-02-29 10:37:30",-69.9930509002298,-70.2699483195104,-69.7255374579718,7.57413393570053,6.67184726088224,8.42583145199874,4,142.999074074074,"Non-breeding period","","2920-25303",NA,"Setophaga","2019-06-17","6:10","?",NA,"2019-06-17","2020-06-17","","",69,10.7,"Male","striata","harness",47.37864,-71.09769,NA,NA,"","","","Quebec","Breeding","","","Lotek","?","ML-6740","","","Unpublished","No",120,NA,56.24816041,"Both","Yes","Yes",92.72218901,93,0.11,1000,20,3,2,0.87,250,14,FALSE,"","Eastern",TRUE,FALSE,-71.08742,47.38323,"2019-10-09 10:38","2020-04-28 10:15",2020,"2020-03-19","No","2019-07-01","2019-09-20","2020-06-05","2020-06-15",0,"Eastern Region","Nonbreeding",1,"2019-10-09 10:38:50",1,60074.7789325588,195252.627014541,13,26
"97",263,"V8757_078",NA,NA,-71.08742,-71.09769,-71.09769,47.38323,47.37864,47.37864,4,NA,"Post-breeding migration","","2920-25303",NA,"Setophaga","2019-06-17","6:10","?",NA,"2019-06-17","2020-06-17","","",69,10.7,"Male","striata","harness",47.37864,-71.09769,NA,NA,"","","","Quebec","Breeding","","","Lotek","?","ML-6740","","","Unpublished","No",120,NA,56.24816041,"Both","Yes","Yes",92.72218901,93,0.11,1000,20,3,2,0.87,250,14,FALSE,"","Eastern",TRUE,FALSE,-71.08742,47.38323,"2019-10-09 10:38","2020-04-28 10:15",2020,"2020-03-19","No","2019-07-01","2019-09-20","2020-06-05","2020-06-15",0,"Eastern Region","Breeding",NA,NA,NA,NA,NA,26,NA
"98",264,"V8757_096","2012-07-12 23:47:16.333067","2012-08-08 07:38:40.752342",-56.225,-56.225,-56.225,49.45833,49.45833,49.45833,1,26.3273659638371,"Post-breeding migration","","2740 67825 ",NA,"Setophaga","25-06-2019","9:30:00","",NA,"2019-07-12","2020-07-08","","Second Year",76,12.7,"Male","striata","",49.45833,-56.225,NA,NA,"","","","Newfoundland ","Breeding","","","Lotek","","ML-6740","","","Unpublished","Yes ",120,NA,-3.920918413,"Both","Yes","Yes",97.68084082,92.25,0.2,1000,20,3,2,0.9,250,14,FALSE,"No","Eastern",FALSE,TRUE,-56.225,49.45833,"2012-11-19","2013-05-23",2020,"2020-03-19","No","2012-07-20","2012-09-20","2013-06-20","2013-07-07",0,"Eastern Region","Breeding",NA,NA,NA,NA,NA,22,7
"99",265,"V8757_096","2012-10-04 22:00:08.831902","2012-10-08 22:10:57.046133",-61.234354330105,-63.6111848062359,-60.1307201857774,45.7717957014725,45.0837127853543,46.814216568377,6,4.00750247951735,"Post-breeding migration","","2740 67825 ",NA,"Setophaga","25-06-2019","9:30:00","",NA,"2019-07-12","2020-07-08","","Second Year",76,12.7,"Male","striata","",49.45833,-56.225,NA,NA,"","","","Newfoundland ","Breeding","","","Lotek","","ML-6740","","","Unpublished","Yes ",120,NA,-3.920918413,"Both","Yes","Yes",97.68084082,92.25,0.2,1000,20,3,2,0.9,250,14,FALSE,"No","Eastern",FALSE,TRUE,-56.225,49.45833,"2012-11-19","2013-05-23",2020,"2020-03-19","No","2012-07-20","2012-09-20","2013-06-20","2013-07-07",0,"Eastern Region","Stopover",NA,"2012-11-19 10:14:45.37222",1,270227.481392656,192638.799941911,7,NA
"100",266,"V8757_096","2012-10-10 21:58:21.153248","2012-11-01 21:37:21.331514",-60.8968110230177,-63.0178710961374,-60.0634011266257,46.0346741769586,45.2380217869,46.8687934539888,7,21.9854187299339,"Post-breeding migration","","2740 67825 ",NA,"Setophaga","25-06-2019","9:30:00","",NA,"2019-07-12","2020-07-08","","Second Year",76,12.7,"Male","striata","",49.45833,-56.225,NA,NA,"","","","Newfoundland ","Breeding","","","Lotek","","ML-6740","","","Unpublished","Yes ",120,NA,-3.920918413,"Both","Yes","Yes",97.68084082,92.25,0.2,1000,20,3,2,0.9,250,14,FALSE,"No","Eastern",FALSE,TRUE,-56.225,49.45833,"2012-11-19","2013-05-23",2020,"2020-03-19","No","2012-07-20","2012-09-20","2013-06-20","2013-07-07",0,"Eastern Region","Stopover",NA,"2012-11-19 10:14:45.37222",1,228309.932357374,181536.671580419,7,10
"101",267,"V8757_096","2012-11-03 09:45:39.41185","2012-11-14 09:52:38.667651",-61.9124419516533,-62.8668054248982,-60.8844646144238,9.00726669149697,5.91905450970331,10.6609547139585,8,11.004852497688,"Post-breeding migration","","2740 67825 ",NA,"Setophaga","25-06-2019","9:30:00","",NA,"2019-07-12","2020-07-08","","Second Year",76,12.7,"Male","striata","",49.45833,-56.225,NA,NA,"","","","Newfoundland ","Breeding","","","Lotek","","ML-6740","","","Unpublished","Yes ",120,NA,-3.920918413,"Both","Yes","Yes",97.68084082,92.25,0.2,1000,20,3,2,0.9,250,14,FALSE,"No","Eastern",FALSE,TRUE,-56.225,49.45833,"2012-11-19","2013-05-23",2020,"2020-03-19","No","2012-07-20","2012-09-20","2013-06-20","2013-07-07",0,"Eastern Region","Stopover",NA,"2012-11-19 10:14:45.37222",1,217951.67025492,527865.91613021,10,13
"102",268,"V8757_096","2012-11-19 10:14:45.37222","2013-02-01 10:35:27.089174",-68.4319466463092,-68.7648481592949,-68.0961943903148,4.61744506334077,3.56078683778731,5.36674310407251,9,74.0143717240128,"Non-breeding period","","2740 67825 ",NA,"Setophaga","25-06-2019","9:30:00","",NA,"2019-07-12","2020-07-08","","Second Year",76,12.7,"Male","striata","",49.45833,-56.225,NA,NA,"","","","Newfoundland ","Breeding","","","Lotek","","ML-6740","","","Unpublished","Yes ",120,NA,-3.920918413,"Both","Yes","Yes",97.68084082,92.25,0.2,1000,20,3,2,0.9,250,14,FALSE,"No","Eastern",FALSE,TRUE,-56.225,49.45833,"2012-11-19","2013-05-23",2020,"2020-03-19","No","2012-07-20","2012-09-20","2013-06-20","2013-07-07",0,"Eastern Region","Nonbreeding",1,"2012-11-19 10:14:45.37222",1,74192.6117472098,201038.13195779,13,22
"103",269,"V8757_096",NA,NA,-56.225,-56.225,-56.225,49.45833,49.45833,49.45833,9,NA,"Post-breeding migration","","2740 67825 ",NA,"Setophaga","25-06-2019","9:30:00","",NA,"2019-07-12","2020-07-08","","Second Year",76,12.7,"Male","striata","",49.45833,-56.225,NA,NA,"","","","Newfoundland ","Breeding","","","Lotek","","ML-6740","","","Unpublished","Yes ",120,NA,-3.920918413,"Both","Yes","Yes",97.68084082,92.25,0.2,1000,20,3,2,0.9,250,14,FALSE,"No","Eastern",FALSE,TRUE,-56.225,49.45833,"2012-11-19","2013-05-23",2020,"2020-03-19","No","2012-07-20","2012-09-20","2013-06-20","2013-07-07",0,"Eastern Region","Breeding",NA,NA,NA,NA,NA,22,NA
"104",270,"V8757_134","2012-07-12 23:56:36","2012-07-14 00:19:06",-56.225,-56.225,-56.225,49.45833,49.45833,49.45833,1,1.015625,"Post-breeding migration","","2740 67829 ",NA,"Setophaga","26-06-2019","8:10:00","",NA,"2019-07-12","2020-07-12","","After Hatching Year ",74,12.8,"Male","striata","",49.45833,-56.225,NA,NA,"","","","Newfoundland ","Breeding","","","Lotek","","ML-6740","","","Unpublished","No",120,NA,-4.443608006,"Both","Yes","Yes",97.13703665,91.5,0.16,1000,20,3,2,0.86,250,14,FALSE,"","Eastern",FALSE,TRUE,-56.225,49.45833,"2012-10-21","2013-05-13",2020,"2020-03-19","No","2012-07-20","2012-09-20","2013-06-20","2013-07-02",0,"Eastern Region","Breeding",NA,NA,NA,NA,NA,22,7
"105",271,"V8757_134","2012-10-04 22:28:36","2012-10-10 09:44:36",-64.8967080097443,-65.1491042831128,-64.6120162660418,46.6567604462395,46.2612183213454,47.0812087353793,6,5.46944444444444,"Post-breeding migration","","2740 67829 ",NA,"Setophaga","26-06-2019","8:10:00","",NA,"2019-07-12","2020-07-12","","After Hatching Year ",74,12.8,"Male","striata","",49.45833,-56.225,NA,NA,"","","","Newfoundland ","Breeding","","","Lotek","","ML-6740","","","Unpublished","No",120,NA,-4.443608006,"Both","Yes","Yes",97.13703665,91.5,0.16,1000,20,3,2,0.86,250,14,FALSE,"","Eastern",FALSE,TRUE,-56.225,49.45833,"2012-10-21","2013-05-13",2020,"2020-03-19","No","2012-07-20","2012-09-20","2013-06-20","2013-07-02",0,"Eastern Region","Stopover",NA,"2012-10-21 22:36:36",1,41036.7041409233,91280.9153456223,7,NA
"106",272,"V8757_134","2012-10-11 22:10:06","2012-10-20 10:06:12",-65.1740665917218,-65.1754105739386,-65.1677692492077,46.7410131515566,46.7241367736989,46.8208384231781,7,8.49729166666667,"Post-breeding migration","","2740 67829 ",NA,"Setophaga","26-06-2019","8:10:00","",NA,"2019-07-12","2020-07-12","","After Hatching Year ",74,12.8,"Male","striata","",49.45833,-56.225,NA,NA,"","","","Newfoundland ","Breeding","","","Lotek","","ML-6740","","","Unpublished","No",120,NA,-4.443608006,"Both","Yes","Yes",97.13703665,91.5,0.16,1000,20,3,2,0.86,250,14,FALSE,"","Eastern",FALSE,TRUE,-56.225,49.45833,"2012-10-21","2013-05-13",2020,"2020-03-19","No","2012-07-20","2012-09-20","2013-06-20","2013-07-02",0,"Eastern Region","Stopover",NA,"2012-10-21 22:36:36",1,582.933268403491,10764.778378894,7,15
"107",273,"V8757_134","2012-10-21 22:36:36","2013-04-03 10:34:36",-67.2829849875059,-67.4759406008509,-67.1001731434057,-1.51370918569302,-2.44978453948059,-0.8450192131071,8,163.498611111111,"Non-breeding period","","2740 67829 ",NA,"Setophaga","26-06-2019","8:10:00","",NA,"2019-07-12","2020-07-12","","After Hatching Year ",74,12.8,"Male","striata","",49.45833,-56.225,NA,NA,"","","","Newfoundland ","Breeding","","","Lotek","","ML-6740","","","Unpublished","No",120,NA,-4.443608006,"Both","Yes","Yes",97.13703665,91.5,0.16,1000,20,3,2,0.86,250,14,FALSE,"","Eastern",FALSE,TRUE,-56.225,49.45833,"2012-10-21","2013-05-13",2020,"2020-03-19","No","2012-07-20","2012-09-20","2013-06-20","2013-07-02",0,"Eastern Region","Nonbreeding",1,"2012-10-21 22:36:36",1,41815.6445927238,178641.658974598,15,22
"108",274,"V8757_134",NA,NA,-56.225,-56.225,-56.225,49.45833,49.45833,49.45833,8,NA,"Post-breeding migration","","2740 67829 ",NA,"Setophaga","26-06-2019","8:10:00","",NA,"2019-07-12","2020-07-12","","After Hatching Year ",74,12.8,"Male","striata","",49.45833,-56.225,NA,NA,"","","","Newfoundland ","Breeding","","","Lotek","","ML-6740","","","Unpublished","No",120,NA,-4.443608006,"Both","Yes","Yes",97.13703665,91.5,0.16,1000,20,3,2,0.86,250,14,FALSE,"","Eastern",FALSE,TRUE,-56.225,49.45833,"2012-10-21","2013-05-13",2020,"2020-03-19","No","2012-07-20","2012-09-20","2013-06-20","2013-07-02",0,"Eastern Region","Breeding",NA,NA,NA,NA,NA,22,NA
