"","geo_id","StartTime","EndTime","Lon.50.","Lon.2.5.","Lon.97.5.","Lat.50.","Lat.2.5.","Lat.97.5.","sitenum","duration","period","geo.id2","band.id","animal.id","animal.taxon","deploy.on.date","deploy.on.time_GMT","deploy.off.date","deploy.off.time","animal.comments","animal.latest.date.born","animal.life.stage","Wing.cord.mm","animal.mass","animal.ring.id","animal.sex","animal.taxon.detail","attachment.type","deploy.latitude","deploy.longitude","deployment.comments","deployment.end.type","manipulation.type","study.site","tag.comments","study.site.specification","tag.manufacturer.name","tag.mass","tag.model","tag.readout.method","tag.serial.no","Study","preliminary_analysis","recording_interval_seconds","light_threshold","Time_shift_hours","Recorded_North_South_mig","Light_Data_Available","Time_shift","In_habitat_median_zenith_angle","Hill_Ekstrom_median_angle","tol","MCMC.iter","MCMC.thin","MCMC.chains","changeLight.days","path.elongated","Insert_twilights","Range_region","Fall_carrib_edits","mod.deploy.lon","mod.deploy.lat","nbr.arrival","nbr.departure","site_type","NB_count","NB.last.site.arrival","cluster","next.cluster"
"1","3254_001",2016-10-28 21:58:42,2017-04-11 09:46:58,-56.9194600639096,-57.8958082117137,-56.3836177989146,5.62443968275233,4.90797401759303,6.5361580380008,7,164.491851851852,"Non-breeding period","",NA,NA,"Setophaga","2016-06-14","13:41:00","2017-06-10","","","","After Hatching Year",75,12.73,"2740-82912","","striata","harness",64.820971,-163.71321,"","","","Nome, Alaska","","","Biotrack","?","MK-6","","","Deluca et al. 2019","No",120,NA,NA,"Both","Yes","No",92.9745964796834,93,NA,1000,20,3,1,TRUE,"No","West",FALSE,-163.71321,64.82774,"2016-10-16","2017-04-14","Nonbreeding",1,2016-10-28 21:58:42,1,2
"2","3254_001",2017-04-12 22:06:59,2017-04-18 22:20:31,-61.3338458096254,-65.3458152732242,-57.8453727497374,5.96063308988562,-1.97247441737446,10.3254267781121,8,6.00939814814815,"Non-breeding period","",NA,NA,"Setophaga","2016-06-14","13:41:00","2017-06-10","","","","After Hatching Year",75,12.73,"2740-82912","","striata","harness",64.820971,-163.71321,"","","","Nome, Alaska","","","Biotrack","?","MK-6","","","Deluca et al. 2019","No",120,NA,NA,"Both","Yes","No",92.9745964796834,93,NA,1000,20,3,1,TRUE,"No","West",FALSE,-163.71321,64.82774,"2016-10-16","2017-04-14","Stopover",NA,2016-10-28 21:58:42,2,3
"3","3254_001",2017-04-20 23:13:47.153846,2017-04-23 23:19:18,-71.5258768835577,-74.2137991661325,-69.7483807039414,18.7941888265128,17.8565031911648,19.7467283089997,9,3.00382923789322,"Pre-breeding migration","",NA,NA,"Setophaga","2016-06-14","13:41:00","2017-06-10","","","","After Hatching Year",75,12.73,"2740-82912","","striata","harness",64.820971,-163.71321,"","","","Nome, Alaska","","","Biotrack","?","MK-6","","","Deluca et al. 2019","No",120,NA,NA,"Both","Yes","No",92.9745964796834,93,NA,1000,20,3,1,TRUE,"No","West",FALSE,-163.71321,64.82774,"2016-10-16","2017-04-14","Stopover",NA,2016-10-28 21:58:42,3,4
"4","3254_001",2017-04-28 10:39:04,2017-05-05 00:45:58.428571,-87.4970986766477,-91.3625781462673,-83.0826169161119,33.8790124684402,31.0278123316834,40.0107078470931,10,6.58812996031233,"Pre-breeding migration","",NA,NA,"Setophaga","2016-06-14","13:41:00","2017-06-10","","","","After Hatching Year",75,12.73,"2740-82912","","striata","harness",64.820971,-163.71321,"","","","Nome, Alaska","","","Biotrack","?","MK-6","","","Deluca et al. 2019","No",120,NA,NA,"Both","Yes","No",92.9745964796834,93,NA,1000,20,3,1,TRUE,"No","West",FALSE,-163.71321,64.82774,"2016-10-16","2017-04-14","Stopover",NA,2016-10-28 21:58:42,4,5
"5","3254_001",2017-05-06 10:42:15.571429,2017-05-13 01:35:34,-91.7372535186992,-96.4650297332213,-87.8916657917938,37.0522111002769,33.7565433464995,42.4050204420501,11,6.62035218253456,"Pre-breeding migration","",NA,NA,"Setophaga","2016-06-14","13:41:00","2017-06-10","","","","After Hatching Year",75,12.73,"2740-82912","","striata","harness",64.820971,-163.71321,"","","","Nome, Alaska","","","Biotrack","?","MK-6","","","Deluca et al. 2019","No",120,NA,NA,"Both","Yes","No",92.9745964796834,93,NA,1000,20,3,1,TRUE,"No","West",FALSE,-163.71321,64.82774,"2016-10-16","2017-04-14","Stopover",NA,2016-10-28 21:58:42,5,24
"6","3254_001",2017-05-24 07:55:54,2017-05-25 10:07:14,-163.71321,-163.71321,-163.71321,64.82774,64.820971,64.820971,12,1.0912037037037,"Pre-breeding migration","",NA,NA,"Setophaga","2016-06-14","13:41:00","2017-06-10","","","","After Hatching Year",75,12.73,"2740-82912","","striata","harness",64.820971,-163.71321,"","","","Nome, Alaska","","","Biotrack","?","MK-6","","","Deluca et al. 2019","No",120,NA,NA,"Both","Yes","No",92.9745964796834,93,NA,1000,20,3,1,TRUE,"No","West",FALSE,-163.71321,64.82774,"2016-10-16","2017-04-14","Breeding",NA,NA,24,NA
"7","3254_008",2016-10-26 22:02:03,2017-04-04 09:47:43,-57.1200499422381,-57.1359366345075,-57.1128718582836,-1.49857175653265,-1.61373398719434,-1.21656005158107,7,159.490046296296,"Non-breeding period","",NA,NA,"Setophaga","2016-06-14","12:46:00","2017-06-05","","","","After Hatching Year",76,12.46,"2740-82911","","striata","harness",64.83017,-163.7117,"","","","Nome, Alaska","","","Biotrack","?","MK-6","","","Deluca et al. 2019","No",120,NA,NA,"South and partial North","Yes","No",92.397173205654,92.75,NA,1000,20,3,1,TRUE,"No","West",FALSE,-163.71321,64.82774,"2016-10-12","2017-04-20","Nonbreeding",1,2016-10-26 22:02:03,2,6
"8","3254_008",2017-04-05 22:06:09,2017-04-18 22:35:35,-63.6734988306726,-64.1827810624138,-63.0551941455597,9.40900454190933,7.23633252970789,10.5709698454487,8,13.0204398148148,"Pre-breeding migration","",NA,NA,"Setophaga","2016-06-14","12:46:00","2017-06-05","","","","After Hatching Year",76,12.46,"2740-82911","","striata","harness",64.83017,-163.7117,"","","","Nome, Alaska","","","Biotrack","?","MK-6","","","Deluca et al. 2019","No",120,NA,NA,"South and partial North","Yes","No",92.397173205654,92.75,NA,1000,20,3,1,TRUE,"No","West",FALSE,-163.71321,64.82774,"2016-10-12","2017-04-20","Stopover",NA,2016-10-26 22:02:03,6,4
"9","3254_008",2017-04-24 10:44:03,2017-04-28 10:38:16,-84.0556218576278,-85.5617276183333,-82.485093846456,33.4853824903871,30.8150363762364,37.0043435763664,9,3.9959837962963,"Pre-breeding migration","",NA,NA,"Setophaga","2016-06-14","12:46:00","2017-06-05","","","","After Hatching Year",76,12.46,"2740-82911","","striata","harness",64.83017,-163.7117,"","","","Nome, Alaska","","","Biotrack","?","MK-6","","","Deluca et al. 2019","No",120,NA,NA,"South and partial North","Yes","No",92.397173205654,92.75,NA,1000,20,3,1,TRUE,"No","West",FALSE,-163.71321,64.82774,"2016-10-12","2017-04-20","Stopover",NA,2016-10-26 22:02:03,4,7
"10","3254_008",2017-04-30 11:13:17,2017-05-04 11:16:08,-90.9183898415836,-92.545341611311,-89.3639191290992,34.9373047873338,32.810323182273,38.0024521429042,10,4.00197916666667,"Pre-breeding migration","",NA,NA,"Setophaga","2016-06-14","12:46:00","2017-06-05","","","","After Hatching Year",76,12.46,"2740-82911","","striata","harness",64.83017,-163.7117,"","","","Nome, Alaska","","","Biotrack","?","MK-6","","","Deluca et al. 2019","No",120,NA,NA,"South and partial North","Yes","No",92.397173205654,92.75,NA,1000,20,3,1,TRUE,"No","West",FALSE,-163.71321,64.82774,"2016-10-12","2017-04-20","Stopover",NA,2016-10-26 22:02:03,7,5
"11","3254_008",2017-05-06 01:25:22,2017-05-12 01:02:50,-92.1111023276823,-93.2884465959487,-90.6729865856691,38.5132831482976,36.9711200303163,40.6848068496333,11,5.98435185185185,"Pre-breeding migration","",NA,NA,"Setophaga","2016-06-14","12:46:00","2017-06-05","","","","After Hatching Year",76,12.46,"2740-82911","","striata","harness",64.83017,-163.7117,"","","","Nome, Alaska","","","Biotrack","?","MK-6","","","Deluca et al. 2019","No",120,NA,NA,"South and partial North","Yes","No",92.397173205654,92.75,NA,1000,20,3,1,TRUE,"No","West",FALSE,-163.71321,64.82774,"2016-10-12","2017-04-20","Stopover",NA,2016-10-26 22:02:03,5,24
"12","3254_008",2017-05-28 06:32:55,2017-05-29 08:36:56,-163.7117,-163.7117,-163.7117,64.83017,64.83017,64.83017,12,1.08612268518519,"Pre-breeding migration","",NA,NA,"Setophaga","2016-06-14","12:46:00","2017-06-05","","","","After Hatching Year",76,12.46,"2740-82911","","striata","harness",64.83017,-163.7117,"","","","Nome, Alaska","","","Biotrack","?","MK-6","","","Deluca et al. 2019","No",120,NA,NA,"South and partial North","Yes","No",92.397173205654,92.75,NA,1000,20,3,1,TRUE,"No","West",FALSE,-163.71321,64.82774,"2016-10-12","2017-04-20","Breeding",NA,NA,24,NA
"13","3254_057",2016-10-17 22:21:06,2017-04-16 22:37:52,-61.8673310107848,-61.8697643585261,-61.8659150814623,-0.690356511762641,-0.739102164524419,-0.674504053203362,7,181.011643518518,"Non-breeding period","",NA,NA,"Setophaga","2016-06-15","11:40:00","2017-06-07","","","","After Hatching Year",76,13.35,"2740-82921","","striata","harness",64.6375,-165.28943,"","","","Nome, Alaska","","","Biotrack","?","MK-6","","","Deluca et al. 2019","No",120,NA,NA,"South and partial North","Yes","No",91.7757113871658,93,NA,1000,20,3,1,TRUE,"No","West",FALSE,-163.71321,64.82774,"2016-10-12","2017-04-17","Nonbreeding",1,2016-10-17 22:21:06,2,4
"14","3254_057",2017-04-21 10:33:59,2017-04-29 00:51:55,-85.1436634023008,-86.0777513971845,-84.0955428971959,35.5009190403824,34.0946433154657,37.9446419592591,8,7.59578703703704,"Pre-breeding migration","",NA,NA,"Setophaga","2016-06-15","11:40:00","2017-06-07","","","","After Hatching Year",76,13.35,"2740-82921","","striata","harness",64.6375,-165.28943,"","","","Nome, Alaska","","","Biotrack","?","MK-6","","","Deluca et al. 2019","No",120,NA,NA,"South and partial North","Yes","No",91.7757113871658,93,NA,1000,20,3,1,TRUE,"No","West",FALSE,-163.71321,64.82774,"2016-10-12","2017-04-17","Stopover",NA,2016-10-17 22:21:06,4,7
"15","3254_057",2017-04-30 11:18:56,2017-05-10 01:12:58,-91.7905205358901,-93.2006319320582,-90.5902550379355,34.4138136534934,33.4449995402237,36.3890276336908,9,9.57918981481481,"Pre-breeding migration","",NA,NA,"Setophaga","2016-06-15","11:40:00","2017-06-07","","","","After Hatching Year",76,13.35,"2740-82921","","striata","harness",64.6375,-165.28943,"","","","Nome, Alaska","","","Biotrack","?","MK-6","","","Deluca et al. 2019","No",120,NA,NA,"South and partial North","Yes","No",91.7757113871658,93,NA,1000,20,3,1,TRUE,"No","West",FALSE,-163.71321,64.82774,"2016-10-12","2017-04-17","Stopover",NA,2016-10-17 22:21:06,7,8
"16","3254_057",2017-05-13 11:24:29,2017-05-18 04:09:07,-114.958004756926,-116.418401183607,-113.264440460689,50.9681257598089,50.2672764509707,52.1912549674484,10,4.69766203703704,"Pre-breeding migration","",NA,NA,"Setophaga","2016-06-15","11:40:00","2017-06-07","","","","After Hatching Year",76,13.35,"2740-82921","","striata","harness",64.6375,-165.28943,"","","","Nome, Alaska","","","Biotrack","?","MK-6","","","Deluca et al. 2019","No",120,NA,NA,"South and partial North","Yes","No",91.7757113871658,93,NA,1000,20,3,1,TRUE,"No","West",FALSE,-163.71321,64.82774,"2016-10-12","2017-04-17","Stopover",NA,2016-10-17 22:21:06,8,24
"17","3254_057",2017-05-25 07:13:02,2017-05-26 11:24:32,-165.28943,-165.28943,-165.28943,64.6375,64.6375,64.6375,11,1.17465277777778,"Pre-breeding migration","",NA,NA,"Setophaga","2016-06-15","11:40:00","2017-06-07","","","","After Hatching Year",76,13.35,"2740-82921","","striata","harness",64.6375,-165.28943,"","","","Nome, Alaska","","","Biotrack","?","MK-6","","","Deluca et al. 2019","No",120,NA,NA,"South and partial North","Yes","No",91.7757113871658,93,NA,1000,20,3,1,TRUE,"No","West",FALSE,-163.71321,64.82774,"2016-10-12","2017-04-17","Breeding",NA,NA,24,NA
"18","4068_014",2016-10-12 10:15:02,2017-04-19 09:57:36,-62.2787451036279,-62.2803030384082,-62.276777831364,1.56135184969022,1.54368592674188,1.60241446065094,8,188.987893518519,"Non-breeding period","",NA,NA,"Setophaga","2016-06-05","12:01:00","2017-06-03","","","","",NA,NA,"1760-53551","","striata","harness",63.72073,-149.42917,"","","","Denali, Alaska","","","Biotrack","?","MK-6","","","Deluca et al. 2019","Yes ",120,NA,NA,"Both","Yes","No",91.5145394189879,91.75,NA,1000,20,3,1,FALSE,"No","West",FALSE,-149.41287,63.72073,"2016-10-16","2017-04-18","Nonbreeding",1,2016-10-12 10:15:02,2,4
"19","4068_014",2017-04-27 10:47:17,2017-05-01 10:51:53,-86.8525717194848,-90.066936112405,-83.5374717189819,35.946300738833,31.4661556334455,41.1727783642543,9,4.00319444444444,"Pre-breeding migration","",NA,NA,"Setophaga","2016-06-05","12:01:00","2017-06-03","","","","",NA,NA,"1760-53551","","striata","harness",63.72073,-149.42917,"","","","Denali, Alaska","","","Biotrack","?","MK-6","","","Deluca et al. 2019","Yes ",120,NA,NA,"Both","Yes","No",91.5145394189879,91.75,NA,1000,20,3,1,FALSE,"No","West",FALSE,-149.41287,63.72073,"2016-10-16","2017-04-18","Stopover",NA,2016-10-12 10:15:02,4,5
"20","4068_014",2017-05-04 11:26:24,2017-05-12 01:29:55,-93.188887999274,-95.5565033034963,-90.9871625833449,37.2422846745241,34.9213290281216,40.7923079551319,10,7.58577546296296,"Pre-breeding migration","",NA,NA,"Setophaga","2016-06-05","12:01:00","2017-06-03","","","","",NA,NA,"1760-53551","","striata","harness",63.72073,-149.42917,"","","","Denali, Alaska","","","Biotrack","?","MK-6","","","Deluca et al. 2019","Yes ",120,NA,NA,"Both","Yes","No",91.5145394189879,91.75,NA,1000,20,3,1,FALSE,"No","West",FALSE,-149.41287,63.72073,"2016-10-16","2017-04-18","Stopover",NA,2016-10-12 10:15:02,5,8
"21","4068_014",2017-05-16 11:03:56,2017-05-20 04:48:12,-121.142764572455,-124.036164102953,-117.444668798552,57.034742993728,56.0651097075084,58.4905920187785,11,3.73907407407407,"Pre-breeding migration","",NA,NA,"Setophaga","2016-06-05","12:01:00","2017-06-03","","","","",NA,NA,"1760-53551","","striata","harness",63.72073,-149.42917,"","","","Denali, Alaska","","","Biotrack","?","MK-6","","","Deluca et al. 2019","Yes ",120,NA,NA,"Both","Yes","No",91.5145394189879,91.75,NA,1000,20,3,1,FALSE,"No","West",FALSE,-149.41287,63.72073,"2016-10-16","2017-04-18","Stopover",NA,2016-10-12 10:15:02,8,9
"22","4068_014",2017-05-29 11:15:18,2017-06-01 08:21:59,-152.016495330578,-153.980051765402,-151.311399217627,60.787645459752,60.6462891772436,61.0794935495959,12,2.8796412037037,"Pre-breeding migration","",NA,NA,"Setophaga","2016-06-05","12:01:00","2017-06-03","","","","",NA,NA,"1760-53551","","striata","harness",63.72073,-149.42917,"","","","Denali, Alaska","","","Biotrack","?","MK-6","","","Deluca et al. 2019","Yes ",120,NA,NA,"Both","Yes","No",91.5145394189879,91.75,NA,1000,20,3,1,FALSE,"No","West",FALSE,-149.41287,63.72073,"2016-10-16","2017-04-18","Stopover",NA,2016-10-12 10:15:02,9,21
"23","4068_014",2017-06-04 08:59:59,2017-06-05 10:31:10,-149.41287,-149.42917,-149.42917,63.72073,63.72073,63.72073,13,1.06332175925926,"Pre-breeding migration","",NA,NA,"Setophaga","2016-06-05","12:01:00","2017-06-03","","","","",NA,NA,"1760-53551","","striata","harness",63.72073,-149.42917,"","","","Denali, Alaska","","","Biotrack","?","MK-6","","","Deluca et al. 2019","Yes ",120,NA,NA,"Both","Yes","No",91.5145394189879,91.75,NA,1000,20,3,1,FALSE,"No","West",FALSE,-149.41287,63.72073,"2016-10-16","2017-04-18","Breeding",NA,NA,21,NA
"24","4105_008",2016-10-22 22:10:16,2017-04-24 10:28:11,-69.1248487345835,-69.3552148821122,-68.8386981736695,6.88321660265961,5.92267113073836,7.66445748900341,5,183.51244212963,"Non-breeding period","",NA,NA,"Setophaga","2016-06-18","","2017-06-25","","","","After Hatching Year",76,12.75,"2740-81720","","striata","harness",58.72798,-93.8313,"","","","Churchill, Manitoba","","","Biotrack","?","MK-6","","","Deluca et al. 2019","Yes ",120,NA,NA,"Both","Yes","No",92.7399524621385,90,NA,1000,20,3,1,FALSE,"No","Central",FALSE,-93.833645,58.71521,"2016-10-26","2017-05-05","Nonbreeding",1,2016-10-22 22:10:16,6,NA
"25","4105_008",2017-04-25 22:32:06,2017-05-03 22:49:14,-67.7308372872222,-69.0843490596382,-66.3058720170307,7.18149365872087,3.22668164861131,10.1112474962264,6,8.01189814814815,"Non-breeding period","",NA,NA,"Setophaga","2016-06-18","","2017-06-25","","","","After Hatching Year",76,12.75,"2740-81720","","striata","harness",58.72798,-93.8313,"","","","Churchill, Manitoba","","","Biotrack","?","MK-6","","","Deluca et al. 2019","Yes ",120,NA,NA,"Both","Yes","No",92.7399524621385,90,NA,1000,20,3,1,FALSE,"No","Central",FALSE,-93.833645,58.71521,"2016-10-26","2017-05-05","Stopover",NA,2016-10-22 22:10:16,6,10
"26","4105_008",2017-05-07 10:26:15,2017-05-12 00:14:42,-80.3639820499928,-82.3855670278057,-78.331594958795,34.814133423614,32.8913094560254,38.4515454033841,7,4.5753125,"Pre-breeding migration","",NA,NA,"Setophaga","2016-06-18","","2017-06-25","","","","After Hatching Year",76,12.75,"2740-81720","","striata","harness",58.72798,-93.8313,"","","","Churchill, Manitoba","","","Biotrack","?","MK-6","","","Deluca et al. 2019","Yes ",120,NA,NA,"Both","Yes","No",92.7399524621385,90,NA,1000,20,3,1,FALSE,"No","Central",FALSE,-93.833645,58.71521,"2016-10-26","2017-05-05","Stopover",NA,2016-10-22 22:10:16,10,11
"27","4105_008",2017-05-16 10:09:18,2017-05-26 09:58:21,-83.6365080917216,-84.8045146677113,-82.4781970658888,42.880495132586,41.5512978844319,44.1688106855742,8,9.99239583333333,"Pre-breeding migration","",NA,NA,"Setophaga","2016-06-18","","2017-06-25","","","","After Hatching Year",76,12.75,"2740-81720","","striata","harness",58.72798,-93.8313,"","","","Churchill, Manitoba","","","Biotrack","?","MK-6","","","Deluca et al. 2019","Yes ",120,NA,NA,"Both","Yes","No",92.7399524621385,90,NA,1000,20,3,1,FALSE,"No","Central",FALSE,-93.833645,58.71521,"2016-10-26","2017-05-05","Stopover",NA,2016-10-22 22:10:16,11,19
"28","4105_008",2017-06-04 08:55:54,2017-06-26 08:42:30,-93.833645,-93.8313,-93.8313,58.71521,58.72798,58.72798,9,21.9906944444444,"Pre-breeding migration","",NA,NA,"Setophaga","2016-06-18","","2017-06-25","","","","After Hatching Year",76,12.75,"2740-81720","","striata","harness",58.72798,-93.8313,"","","","Churchill, Manitoba","","","Biotrack","?","MK-6","","","Deluca et al. 2019","Yes ",120,NA,NA,"Both","Yes","No",92.7399524621385,90,NA,1000,20,3,1,FALSE,"No","Central",FALSE,-93.833645,58.71521,"2016-10-26","2017-05-05","Breeding",NA,NA,19,NA
"29","4105_009",2017-04-08 22:26:41,2017-05-03 22:36:14,-65.2035135581072,-65.9581160295118,-64.3672465012873,7.60643477016633,5.24261874018632,9.83694417147378,8,25.0066319444444,"Non-breeding period","",NA,NA,"Setophaga","2016-06-18","","2017-06-27","","","","After Second Year",74.5,12.25,"2740-81717","","striata","harness",58.731288,-93.82587,"","","","Churchill, Manitoba","","","Biotrack","?","MK-6","","","Deluca et al. 2019","No",120,NA,NA,"Both","Yes","No",91.7408646024942,90.25,NA,1000,20,3,1,FALSE,"No","Central",FALSE,-93.833645,58.71521,"2016-10-19","2017-05-01","Nonbreeding",2,2017-04-08 22:26:41,6,3
"30","4105_009",2017-05-05 09:55:15,2017-05-07 23:43:40,-73.0273473227635,-73.0725862097089,-72.9914762242714,22.378880349341,22.333810789577,22.4025945009159,9,2.57528935185185,"Pre-breeding migration","",NA,NA,"Setophaga","2016-06-18","","2017-06-27","","","","After Second Year",74.5,12.25,"2740-81717","","striata","harness",58.731288,-93.82587,"","","","Churchill, Manitoba","","","Biotrack","?","MK-6","","","Deluca et al. 2019","No",120,NA,NA,"Both","Yes","No",91.7408646024942,90.25,NA,1000,20,3,1,FALSE,"No","Central",FALSE,-93.833645,58.71521,"2016-10-19","2017-05-01","Stopover",NA,2017-04-08 22:26:41,3,10
"31","4105_009",2017-05-09 10:08:45,2017-05-15 00:21:31,-80.667343765558,-82.1616916990435,-78.9145149522263,34.2490718579011,32.3418197460504,37.2393874211313,10,5.59219907407407,"Pre-breeding migration","",NA,NA,"Setophaga","2016-06-18","","2017-06-27","","","","After Second Year",74.5,12.25,"2740-81717","","striata","harness",58.731288,-93.82587,"","","","Churchill, Manitoba","","","Biotrack","?","MK-6","","","Deluca et al. 2019","No",120,NA,NA,"Both","Yes","No",91.7408646024942,90.25,NA,1000,20,3,1,FALSE,"No","Central",FALSE,-93.833645,58.71521,"2016-10-19","2017-05-01","Stopover",NA,2017-04-08 22:26:41,10,11
"32","4105_009",2017-05-16 10:21:48,2017-05-21 00:40:17,-83.8164163254444,-85.688968448792,-81.7684004067659,38.7424743449662,36.5155215089334,41.1562502819402,11,4.59616898148148,"Pre-breeding migration","",NA,NA,"Setophaga","2016-06-18","","2017-06-27","","","","After Second Year",74.5,12.25,"2740-81717","","striata","harness",58.731288,-93.82587,"","","","Churchill, Manitoba","","","Biotrack","?","MK-6","","","Deluca et al. 2019","No",120,NA,NA,"Both","Yes","No",91.7408646024942,90.25,NA,1000,20,3,1,FALSE,"No","Central",FALSE,-93.833645,58.71521,"2016-10-19","2017-05-01","Stopover",NA,2017-04-08 22:26:41,11,12
"33","4105_009",2017-05-22 10:19:52,2017-05-25 01:42:17,-90.8906503926669,-93.5257471508329,-88.4148098406153,43.364627715225,41.1468843833608,45.8068697502035,12,2.64056712962963,"Pre-breeding migration","",NA,NA,"Setophaga","2016-06-18","","2017-06-27","","","","After Second Year",74.5,12.25,"2740-81717","","striata","harness",58.731288,-93.82587,"","","","Churchill, Manitoba","","","Biotrack","?","MK-6","","","Deluca et al. 2019","No",120,NA,NA,"Both","Yes","No",91.7408646024942,90.25,NA,1000,20,3,1,FALSE,"No","Central",FALSE,-93.833645,58.71521,"2016-10-19","2017-05-01","Stopover",NA,2017-04-08 22:26:41,12,19
"34","4105_009",2017-06-01 09:06:48,2017-06-28 08:41:22,-93.833645,-93.82587,-93.82587,58.71521,58.731288,58.731288,13,26.982337962963,"Pre-breeding migration","",NA,NA,"Setophaga","2016-06-18","","2017-06-27","","","","After Second Year",74.5,12.25,"2740-81717","","striata","harness",58.731288,-93.82587,"","","","Churchill, Manitoba","","","Biotrack","?","MK-6","","","Deluca et al. 2019","No",120,NA,NA,"Both","Yes","No",91.7408646024942,90.25,NA,1000,20,3,1,FALSE,"No","Central",FALSE,-93.833645,58.71521,"2016-10-19","2017-05-01","Breeding",NA,NA,19,NA
"35","4105_016",2017-04-29 22:33:21,2017-05-22 22:40:14,-65.7387939861587,-65.8005925934764,-65.6817567845581,10.9600067437568,10.8852389084869,10.9814025263235,7,23.0047800925926,"Non-breeding period","",NA,NA,"Setophaga","2016-06-22","","2017-06-22","","","","Second Year",71,13,"2740-81731","","striata","harness",58.71955,-93.83599,"","","","Churchill, Manitoba","","","Biotrack","?","MK-6","","","Deluca et al. 2019","No",120,NA,NA,"Both","Yes","No",92.9037859080173,92,NA,1000,20,3,1,FALSE,"No","Central",FALSE,-93.833645,58.71521,"2016-10-12","2017-05-24","Nonbreeding",3,2017-04-29 22:33:21,13,10
"36","4105_016",2017-05-27 10:17:52,2017-05-30 00:43:25,-81.8783481333647,-83.7719102968557,-80.0701909063288,35.6783716992821,33.5357743539035,38.7657081863896,8,2.60107638888889,"Pre-breeding migration","",NA,NA,"Setophaga","2016-06-22","","2017-06-22","","","","Second Year",71,13,"2740-81731","","striata","harness",58.71955,-93.83599,"","","","Churchill, Manitoba","","","Biotrack","?","MK-6","","","Deluca et al. 2019","No",120,NA,NA,"Both","Yes","No",92.9037859080173,92,NA,1000,20,3,1,FALSE,"No","Central",FALSE,-93.833645,58.71521,"2016-10-12","2017-05-24","Stopover",NA,2017-04-29 22:33:21,10,12
"37","4105_016",2017-05-31 10:07:15,2017-06-03 01:35:01,-85.6097554665949,-86.6895045262973,-84.1671980753912,43.1394510644518,41.4576012481866,44.6491998340886,9,2.64428240740741,"Pre-breeding migration","",NA,NA,"Setophaga","2016-06-22","","2017-06-22","","","","Second Year",71,13,"2740-81731","","striata","harness",58.71955,-93.83599,"","","","Churchill, Manitoba","","","Biotrack","?","MK-6","","","Deluca et al. 2019","No",120,NA,NA,"Both","Yes","No",92.9037859080173,92,NA,1000,20,3,1,FALSE,"No","Central",FALSE,-93.833645,58.71521,"2016-10-12","2017-05-24","Stopover",NA,2017-04-29 22:33:21,12,19
"38","4105_016",2017-06-10 03:42:46,2017-06-24 08:30:33,-93.833645,-93.83599,-93.83599,58.71521,58.71955,58.71955,10,14.199849537037,"Pre-breeding migration","",NA,NA,"Setophaga","2016-06-22","","2017-06-22","","","","Second Year",71,13,"2740-81731","","striata","harness",58.71955,-93.83599,"","","","Churchill, Manitoba","","","Biotrack","?","MK-6","","","Deluca et al. 2019","No",120,NA,NA,"Both","Yes","No",92.9037859080173,92,NA,1000,20,3,1,FALSE,"No","Central",FALSE,-93.833645,58.71521,"2016-10-12","2017-05-24","Breeding",NA,NA,19,NA
"39","4105_017",2016-11-15 22:28:51,2017-04-23 22:35:02,-64.2268541256382,-64.2328096707258,-64.2236433352553,-2.68476480270124,-2.714835353777,-2.6575700444094,5,159.004293981481,"Non-breeding period","",NA,NA,"Setophaga","2016-06-16","","2017-06-21","","","","After Second Year",77,12.75,"2740-81712","","striata","harness",58.71087,-93.84027,"","","","Churchill, Manitoba","","","Biotrack","?","MK-6","","","Deluca et al. 2019","No",120,NA,NA,"Both","Yes","No",93.1552659838885,94,NA,1000,20,3,1,FALSE,"No","Central",FALSE,-93.833645,58.71521,"2016-10-27","2017-04-24","Nonbreeding",2,2016-11-15 22:28:51,2,10
"40","4105_017",2017-04-28 10:34:34,2017-05-03 00:29:16,-82.9162461158771,-84.6981944381698,-81.0519358077557,34.2580766165105,30.970270273473,38.0636751186664,6,4.57965277777778,"Pre-breeding migration","",NA,NA,"Setophaga","2016-06-16","","2017-06-21","","","","After Second Year",77,12.75,"2740-81712","","striata","harness",58.71087,-93.84027,"","","","Churchill, Manitoba","","","Biotrack","?","MK-6","","","Deluca et al. 2019","No",120,NA,NA,"Both","Yes","No",93.1552659838885,94,NA,1000,20,3,1,FALSE,"No","Central",FALSE,-93.833645,58.71521,"2016-10-27","2017-04-24","Stopover",NA,2016-11-15 22:28:51,10,11
"41","4105_017",2017-05-04 10:35:07,2017-05-12 00:46:10,-85.1111265905121,-86.4480917300437,-83.7135696774712,37.0497541487054,35.2936448313598,39.4027794723807,7,7.59100694444444,"Pre-breeding migration","",NA,NA,"Setophaga","2016-06-16","","2017-06-21","","","","After Second Year",77,12.75,"2740-81712","","striata","harness",58.71087,-93.84027,"","","","Churchill, Manitoba","","","Biotrack","?","MK-6","","","Deluca et al. 2019","No",120,NA,NA,"Both","Yes","No",93.1552659838885,94,NA,1000,20,3,1,FALSE,"No","Central",FALSE,-93.833645,58.71521,"2016-10-27","2017-04-24","Stopover",NA,2016-11-15 22:28:51,11,NA
"42","4105_017",2017-05-13 10:24:41,2017-05-16 01:08:12,-86.0714988137564,-88.654243763928,-83.7377615049447,40.012472148705,37.3500173600178,42.7751051531555,8,2.61355324074074,"Pre-breeding migration","",NA,NA,"Setophaga","2016-06-16","","2017-06-21","","","","After Second Year",77,12.75,"2740-81712","","striata","harness",58.71087,-93.84027,"","","","Churchill, Manitoba","","","Biotrack","?","MK-6","","","Deluca et al. 2019","No",120,NA,NA,"Both","Yes","No",93.1552659838885,94,NA,1000,20,3,1,FALSE,"No","Central",FALSE,-93.833645,58.71521,"2016-10-27","2017-04-24","Stopover",NA,2016-11-15 22:28:51,11,12
"43","4105_017",2017-05-17 10:13:13,2017-05-23 10:15:15,-90.2916107123272,-91.6999329168169,-88.9381661680547,43.4882108676695,42.2495780738245,45.0672327788175,9,6.00141203703704,"Pre-breeding migration","",NA,NA,"Setophaga","2016-06-16","","2017-06-21","","","","After Second Year",77,12.75,"2740-81712","","striata","harness",58.71087,-93.84027,"","","","Churchill, Manitoba","","","Biotrack","?","MK-6","","","Deluca et al. 2019","No",120,NA,NA,"Both","Yes","No",93.1552659838885,94,NA,1000,20,3,1,FALSE,"No","Central",FALSE,-93.833645,58.71521,"2016-10-27","2017-04-24","Stopover",NA,2016-11-15 22:28:51,12,19
"44","4105_017",2017-05-31 03:13:19,2017-06-21 08:07:28,-93.833645,-93.84027,-93.84027,58.71521,58.71087,58.71087,10,21.2042708333333,"Pre-breeding migration","",NA,NA,"Setophaga","2016-06-16","","2017-06-21","","","","After Second Year",77,12.75,"2740-81712","","striata","harness",58.71087,-93.84027,"","","","Churchill, Manitoba","","","Biotrack","?","MK-6","","","Deluca et al. 2019","No",120,NA,NA,"Both","Yes","No",93.1552659838885,94,NA,1000,20,3,1,FALSE,"No","Central",FALSE,-93.833645,58.71521,"2016-10-27","2017-04-24","Breeding",NA,NA,19,NA
"45","4210_002",2016-10-15 21:56:44,2017-04-28 22:31:04,-63.8661094233089,-64.0207270213974,-63.7134313644078,-1.47926538409304,-2.21799133719481,-0.74386691775165,7,195.023842592593,"Non-breeding period","",NA,NA,"Setophaga","2016-06-22","","2017-06-21","","","","After Hatching Year",78,13.5,"2740-81732","","striata","harness",58.63169,-93.8201,"","","","Churchill, Manitoba","","","Biotrack","?","MK-6","","","Deluca et al. 2019","No",120,NA,NA,"Both","Yes","No",92.7169600018938,92.25,NA,1000,20,3,1,FALSE,"No","Central",FALSE,-93.833645,58.71521,"2016-10-15","2017-04-28","Nonbreeding",1,2016-10-15 21:56:44,2,4
"46","4210_002",2017-05-04 10:45:34,2017-05-12 00:32:30,-83.8547144473173,-85.3771921220321,-82.3057663978011,33.0202956743715,30.7419221091555,35.7180769955116,8,7.57425925925926,"Pre-breeding migration","",NA,NA,"Setophaga","2016-06-22","","2017-06-21","","","","After Hatching Year",78,13.5,"2740-81732","","striata","harness",58.63169,-93.8201,"","","","Churchill, Manitoba","","","Biotrack","?","MK-6","","","Deluca et al. 2019","No",120,NA,NA,"Both","Yes","No",92.7169600018938,92.25,NA,1000,20,3,1,FALSE,"No","Central",FALSE,-93.833645,58.71521,"2016-10-15","2017-04-28","Stopover",NA,2016-10-15 21:56:44,4,5
"47","4210_002",2017-05-13 10:30:45,2017-05-24 01:47:36,-92.0383655336005,-93.1965792131648,-90.7644519120386,39.8192952353298,38.5279871079855,41.4909843570015,9,10.6367013888889,"Pre-breeding migration","",NA,NA,"Setophaga","2016-06-22","","2017-06-21","","","","After Hatching Year",78,13.5,"2740-81732","","striata","harness",58.63169,-93.8201,"","","","Churchill, Manitoba","","","Biotrack","?","MK-6","","","Deluca et al. 2019","No",120,NA,NA,"Both","Yes","No",92.7169600018938,92.25,NA,1000,20,3,1,FALSE,"No","Central",FALSE,-93.833645,58.71521,"2016-10-15","2017-04-28","Stopover",NA,2016-10-15 21:56:44,5,12
"48","4210_002",2017-05-25 10:03:37,2017-05-28 09:55:37,-97.9413738970327,-100.185272694743,-95.7207179986048,50.2327931703044,49.1161102634488,51.7267467222975,10,2.99444444444444,"Pre-breeding migration","",NA,NA,"Setophaga","2016-06-22","","2017-06-21","","","","After Hatching Year",78,13.5,"2740-81732","","striata","harness",58.63169,-93.8201,"","","","Churchill, Manitoba","","","Biotrack","?","MK-6","","","Deluca et al. 2019","No",120,NA,NA,"Both","Yes","No",92.7169600018938,92.25,NA,1000,20,3,1,FALSE,"No","Central",FALSE,-93.833645,58.71521,"2016-10-15","2017-04-28","Stopover",NA,2016-10-15 21:56:44,12,19
"49","4210_002",2017-06-01 03:33:37,2017-06-22 08:13:24,-93.833645,-93.8201,-93.8201,58.71521,58.63169,58.63169,11,21.1942939814815,"Pre-breeding migration","",NA,NA,"Setophaga","2016-06-22","","2017-06-21","","","","After Hatching Year",78,13.5,"2740-81732","","striata","harness",58.63169,-93.8201,"","","","Churchill, Manitoba","","","Biotrack","?","MK-6","","","Deluca et al. 2019","No",120,NA,NA,"Both","Yes","No",92.7169600018938,92.25,NA,1000,20,3,1,FALSE,"No","Central",FALSE,-93.833645,58.71521,"2016-10-15","2017-04-28","Breeding",NA,NA,19,NA
"50","4210_004",2017-03-20 23:01:50,2017-04-17 10:31:47,-71.0549882837545,-71.7733791357817,-70.2919127901948,5.88840636771212,1.4183868105866,10.2123910826299,7,27.4791319444444,"Non-breeding period","",NA,NA,"Setophaga","2016-06-18","","2017-06-24","","","","After Second Year",76,12.5,"2740-81716","","striata","harness",58.73192,-93.8277,"","","","Churchill, Manitoba","","","Biotrack","?","MK-6","","","Deluca et al. 2019","No",120,NA,NA,"Both","Yes","No",92.5265140895028,91.7265140895028,NA,1000,20,3,1,FALSE,"No ","Central",FALSE,-93.833645,58.71521,"2016-10-12","2017-05-05","Nonbreeding",2,2017-03-20 23:01:50,14,6
"51","4210_004",2017-04-18 22:48:47,2017-04-29 10:17:45,-69.5207782794332,-70.4912492979479,-68.5905929001679,7.44388275062058,4.06476944442126,10.9582520101583,8,10.4784490740741,"Non-breeding period","",NA,NA,"Setophaga","2016-06-18","","2017-06-24","","","","After Second Year",76,12.5,"2740-81716","","striata","harness",58.73192,-93.8277,"","","","Churchill, Manitoba","","","Biotrack","?","MK-6","","","Deluca et al. 2019","No",120,NA,NA,"Both","Yes","No",92.5265140895028,91.7265140895028,NA,1000,20,3,1,FALSE,"No ","Central",FALSE,-93.833645,58.71521,"2016-10-12","2017-05-05","Stopover",NA,2017-03-20 23:01:50,6,13
"52","4210_004",2017-04-30 22:56:00,2017-05-05 22:46:44,-66.7563669634863,-67.2960966322259,-66.2889147839346,10.5140076018031,9.08119217951653,11.0391500499764,9,4.99356481481481,"Pre-breeding migration","",NA,NA,"Setophaga","2016-06-18","","2017-06-24","","","","After Second Year",76,12.5,"2740-81716","","striata","harness",58.73192,-93.8277,"","","","Churchill, Manitoba","","","Biotrack","?","MK-6","","","Deluca et al. 2019","No",120,NA,NA,"Both","Yes","No",92.5265140895028,91.7265140895028,NA,1000,20,3,1,FALSE,"No ","Central",FALSE,-93.833645,58.71521,"2016-10-12","2017-05-05","Stopover",NA,2017-03-20 23:01:50,13,10
"53","4210_004",2017-05-09 10:14:29,2017-05-11 10:24:29,-81.1971297019934,-83.0812554605927,-78.0966065873926,33.361848827292,30.0983011357032,37.1168252295231,10,2.00694444444444,"Pre-breeding migration","",NA,NA,"Setophaga","2016-06-18","","2017-06-24","","","","After Second Year",76,12.5,"2740-81716","","striata","harness",58.73192,-93.8277,"","","","Churchill, Manitoba","","","Biotrack","?","MK-6","","","Deluca et al. 2019","No",120,NA,NA,"Both","Yes","No",92.5265140895028,91.7265140895028,NA,1000,20,3,1,FALSE,"No ","Central",FALSE,-93.833645,58.71521,"2016-10-12","2017-05-05","Stopover",NA,2017-03-20 23:01:50,10,11
"54","4210_004",2017-05-21 09:56:48,2017-05-24 01:01:42,-82.353967728588,-84.6847561894416,-80.1538098175108,40.2715270012886,38.2446959276455,43.173394152485,11,2.62840277777778,"Pre-breeding migration","",NA,NA,"Setophaga","2016-06-18","","2017-06-24","","","","After Second Year",76,12.5,"2740-81716","","striata","harness",58.73192,-93.8277,"","","","Churchill, Manitoba","","","Biotrack","?","MK-6","","","Deluca et al. 2019","No",120,NA,NA,"Both","Yes","No",92.5265140895028,91.7265140895028,NA,1000,20,3,1,FALSE,"No ","Central",FALSE,-93.833645,58.71521,"2016-10-12","2017-05-05","Stopover",NA,2017-03-20 23:01:50,11,19
"55","4210_004",2017-06-13 03:45:09,2017-06-26 08:34:23,-93.833645,-93.8277,-93.8277,58.71521,58.73192,58.73192,12,13.2008564814815,"Pre-breeding migration","",NA,NA,"Setophaga","2016-06-18","","2017-06-24","","","","After Second Year",76,12.5,"2740-81716","","striata","harness",58.73192,-93.8277,"","","","Churchill, Manitoba","","","Biotrack","?","MK-6","","","Deluca et al. 2019","No",120,NA,NA,"Both","Yes","No",92.5265140895028,91.7265140895028,NA,1000,20,3,1,FALSE,"No ","Central",FALSE,-93.833645,58.71521,"2016-10-12","2017-05-05","Breeding",NA,NA,19,NA
"56","A",2013-10-18 04:00:00,2014-05-06 22:51:37,-69.8934252303517,-70.0181919335473,-69.7847810163248,10.1591180321905,9.5662846585777,10.6145627027437,9,200.785844907407,"Non-breeding period","",NA,NA,"Setophaga","2013-06-13","0:30:00","2014-06-04","","After hatch year when tagged","2012-07-01","adult",NA,11.2,"2110-80395","Male ","striata","harness",44.528354,-72.8165699,"captured and released on Mt Mansfield, VT","removal","none","Mount Mansfield, Vermont, USA","Biotrack model MK-6 (~0.5 g including harness)","","Biotrack","0.5","MK-6","tag-retrieval","","Deluca et al. 2015","Yes ",120,NA,-4.01048079570135,"Both","Yes","Yes",93.0652857682246,92.25,NA,1000,20,3,1,FALSE,"No","Eastern",TRUE,-72.815699,44.528354,"2013-10-18","2014-05-07","Nonbreeding",1,2013-10-18 04:00:00,13,15
"57","A",2014-05-08 09:57:27,2014-05-14 23:36:07,-75.9393300354149,-76.6444430826392,-75.2276733230609,27.1213401149367,25.9534136469235,28.8443834245473,10,6.56851851851852,"Pre-breeding migration","",NA,NA,"Setophaga","2013-06-13","0:30:00","2014-06-04","","After hatch year when tagged","2012-07-01","adult",NA,11.2,"2110-80395","Male ","striata","harness",44.528354,-72.8165699,"captured and released on Mt Mansfield, VT","removal","none","Mount Mansfield, Vermont, USA","Biotrack model MK-6 (~0.5 g including harness)","","Biotrack","0.5","MK-6","tag-retrieval","","Deluca et al. 2015","Yes ",120,NA,-4.01048079570135,"Both","Yes","Yes",93.0652857682246,92.25,NA,1000,20,3,1,FALSE,"No","Eastern",TRUE,-72.815699,44.528354,"2013-10-18","2014-05-07","Stopover",NA,2013-10-18 04:00:00,15,16
"58","A",2014-05-21 00:44:47,2014-05-23 09:35:52,-78.6714439871829,-80.1613164341246,-77.2647221159872,37.8268557503009,36.3448317464065,39.8453166673853,11,2.36880787037037,"Pre-breeding migration","",NA,NA,"Setophaga","2013-06-13","0:30:00","2014-06-04","","After hatch year when tagged","2012-07-01","adult",NA,11.2,"2110-80395","Male ","striata","harness",44.528354,-72.8165699,"captured and released on Mt Mansfield, VT","removal","none","Mount Mansfield, Vermont, USA","Biotrack model MK-6 (~0.5 g including harness)","","Biotrack","0.5","MK-6","tag-retrieval","","Deluca et al. 2015","Yes ",120,NA,-4.01048079570135,"Both","Yes","Yes",93.0652857682246,92.25,NA,1000,20,3,1,FALSE,"No","Eastern",TRUE,-72.815699,44.528354,"2013-10-18","2014-05-07","Stopover",NA,2013-10-18 04:00:00,16,22
"59","A",2014-05-29 00:42:37,2014-06-04 08:53:16,-72.815699,-72.8165699,-72.8165699,44.528354,44.528354,44.528354,12,6.34072916666667,"Pre-breeding migration","",NA,NA,"Setophaga","2013-06-13","0:30:00","2014-06-04","","After hatch year when tagged","2012-07-01","adult",NA,11.2,"2110-80395","Male ","striata","harness",44.528354,-72.8165699,"captured and released on Mt Mansfield, VT","removal","none","Mount Mansfield, Vermont, USA","Biotrack model MK-6 (~0.5 g including harness)","","Biotrack","0.5","MK-6","tag-retrieval","","Deluca et al. 2015","Yes ",120,NA,-4.01048079570135,"Both","Yes","Yes",93.0652857682246,92.25,NA,1000,20,3,1,FALSE,"No","Eastern",TRUE,-72.815699,44.528354,"2013-10-18","2014-05-07","Breeding",NA,NA,22,NA
"60","B",2013-10-24 04:00:00,2014-04-19 10:26:30,-71.4803177601041,-71.6425781774814,-71.3085509376043,7.08716292025034,6.37414135130099,7.88657611354806,5,177.268402777778,"Non-breeding period","",NA,NA,"Setophaga","2013-06-18","4:45:00","2014-06-17","","After hatch year","2012-07-01","adult",NA,12.8,"2490-89933","Female ","striata","harness",44.528354,-72.815699,"captured and released on Mt Mansfield, VT","removal","none","Mount Mansfield, Vermont, USA","Biotrack model MK-6 (~0.5 g including harness)","","Biotrack","0.5","MK-6","tag-retrieval","","Deluca et al. 2015","No ",120,NA,NA,"Both","Yes","No",92.5251221080288,92.5,NA,1000,20,3,1,FALSE,"","Eastern",TRUE,-72.815699,44.528354,"2013-10-24","2014-04-22","Nonbreeding",1,2013-10-24 04:00:00,14,16
"61","B",2014-04-25 10:30:57,2014-04-29 10:19:12,-79.5281256881241,-80.9448236426232,-78.0673640960689,36.3275889963534,33.8580919839747,39.2049950152288,6,3.99184027777778,"Pre-breeding migration","",NA,NA,"Setophaga","2013-06-18","4:45:00","2014-06-17","","After hatch year","2012-07-01","adult",NA,12.8,"2490-89933","Female ","striata","harness",44.528354,-72.815699,"captured and released on Mt Mansfield, VT","removal","none","Mount Mansfield, Vermont, USA","Biotrack model MK-6 (~0.5 g including harness)","","Biotrack","0.5","MK-6","tag-retrieval","","Deluca et al. 2015","No ",120,NA,NA,"Both","Yes","No",92.5251221080288,92.5,NA,1000,20,3,1,FALSE,"","Eastern",TRUE,-72.815699,44.528354,"2013-10-24","2014-04-22","Stopover",NA,2013-10-24 04:00:00,16,22
"62","B",2014-05-19 08:59:42,2014-07-07 08:50:27,-72.815699,-72.815699,-72.815699,44.528354,44.528354,44.528354,7,48.9935763888889,"Pre-breeding migration","",NA,NA,"Setophaga","2013-06-18","4:45:00","2014-06-17","","After hatch year","2012-07-01","adult",NA,12.8,"2490-89933","Female ","striata","harness",44.528354,-72.815699,"captured and released on Mt Mansfield, VT","removal","none","Mount Mansfield, Vermont, USA","Biotrack model MK-6 (~0.5 g including harness)","","Biotrack","0.5","MK-6","tag-retrieval","","Deluca et al. 2015","No ",120,NA,NA,"Both","Yes","No",92.5251221080288,92.5,NA,1000,20,3,1,FALSE,"","Eastern",TRUE,-72.815699,44.528354,"2013-10-24","2014-04-22","Breeding",NA,NA,22,NA
"63","V8296_004",2020-02-18 22:59:34,2020-04-18 10:45:16,-75.2889338745962,-75.3155605615545,-75.2744200328224,-2.65260948768215,-2.66457858122713,-2.59895454353839,10,59.4900694444444,"Non-breeding period","",NA,NA,"Setophaga","2019-07-10","7:00","?","","","","",71,12,"2920-25333","Male","striata","harness",47.38248,-71.08315,"","","","Quebec","","","Lotek","?","ML-6740","","","Unpublished","No ",120,NA,59.21956088,"Both","Yes","Yes",92.847678177219,93.75,NA,1000,20,3,1,FALSE,"","Eastern",FALSE,-71.08716,47.38339,"2019-10-14","2020-05-08","Nonbreeding",2,2020-02-18 22:59:34,14,13
"64","V8296_004",2020-04-19 23:20:46,2020-04-23 10:28:31,-73.3607386261197,-74.193005597953,-72.5763530803138,9.92248023379007,7.42677155543039,11.3794381653483,11,3.46371527777778,"Non-breeding period","",NA,NA,"Setophaga","2019-07-10","7:00","?","","","","",71,12,"2920-25333","Male","striata","harness",47.38248,-71.08315,"","","","Quebec","","","Lotek","?","ML-6740","","","Unpublished","No ",120,NA,59.21956088,"Both","Yes","Yes",92.847678177219,93.75,NA,1000,20,3,1,FALSE,"","Eastern",FALSE,-71.08716,47.38339,"2019-10-14","2020-05-08","Stopover",NA,2020-02-18 22:59:34,13,NA
"65","V8296_004",2020-04-26 23:00:16,2020-05-07 23:11:01,-69.9914643450805,-70.1703219417245,-69.672748043277,11.8140415686896,11.0499349810457,12.1095780642121,12,11.0074652777778,"Non-breeding period","",NA,NA,"Setophaga","2019-07-10","7:00","?","","","","",71,12,"2920-25333","Male","striata","harness",47.38248,-71.08315,"","","","Quebec","","","Lotek","?","ML-6740","","","Unpublished","No ",120,NA,59.21956088,"Both","Yes","Yes",92.847678177219,93.75,NA,1000,20,3,1,FALSE,"","Eastern",FALSE,-71.08716,47.38339,"2019-10-14","2020-05-08","Stopover",NA,2020-02-18 22:59:34,13,15
"66","V8296_004",2020-05-09 23:56:16,2020-05-11 00:06:46,-81.0493195948028,-82.9530855531246,-79.7704891653478,22.6705302684111,22.0866965885099,23.0829614542443,13,1.00729166666667,"Pre-breeding migration","",NA,NA,"Setophaga","2019-07-10","7:00","?","","","","",71,12,"2920-25333","Male","striata","harness",47.38248,-71.08315,"","","","Quebec","","","Lotek","?","ML-6740","","","Unpublished","No ",120,NA,59.21956088,"Both","Yes","Yes",92.847678177219,93.75,NA,1000,20,3,1,FALSE,"","Eastern",FALSE,-71.08716,47.38339,"2019-10-14","2020-05-08","Stopover",NA,2020-02-18 22:59:34,15,26
"67","V8296_004",2020-05-26 00:50:16,2020-05-27 08:20:06,-71.08716,-71.08315,-71.08315,47.38339,47.38248,47.38248,14,1.31238425925926,"Pre-breeding migration","",NA,NA,"Setophaga","2019-07-10","7:00","?","","","","",71,12,"2920-25333","Male","striata","harness",47.38248,-71.08315,"","","","Quebec","","","Lotek","?","ML-6740","","","Unpublished","No ",120,NA,59.21956088,"Both","Yes","Yes",92.847678177219,93.75,NA,1000,20,3,1,FALSE,"","Eastern",FALSE,-71.08716,47.38339,"2019-10-14","2020-05-08","Breeding",NA,NA,26,NA
"68","V8296_005",2020-03-15 23:10:54,2020-04-21 10:23:47,-72.1742131116127,-72.4650283171533,-71.8923886932892,7.86508211743692,5.99740802934479,9.81820777239669,6,36.4672800925926,"Non-breeding period","",NA,NA,"Setophaga","2019-06-18","6:45","?","","","","",72,11.4,"2920-25307","Male","striata","harness",47.38323,-71.09479,"","","","Quebec","","","Lotek","?","ML-6740","","","Unpublished","Yes ",120,NA,55.95313996,"Both","Yes","Yes",93.3385275687174,93,NA,1000,20,3,1,FALSE,"Yes","Eastern",TRUE,-71.08716,47.38339,"2019-10-05","2020-05-08","Nonbreeding",2,2020-03-15 23:10:54,14,13
"69","V8296_005",2020-04-27 23:01:32,2020-05-06 22:58:17,-68.3248750076572,-68.593554374075,-68.0089521424959,10.6407980587502,9.62996456109473,10.9816048393744,7,8.99774305555555,"Pre-breeding migration","",NA,NA,"Setophaga","2019-06-18","6:45","?","","","","",72,11.4,"2920-25307","Male","striata","harness",47.38323,-71.09479,"","","","Quebec","","","Lotek","?","ML-6740","","","Unpublished","Yes ",120,NA,55.95313996,"Both","Yes","Yes",93.3385275687174,93,NA,1000,20,3,1,FALSE,"Yes","Eastern",TRUE,-71.08716,47.38339,"2019-10-05","2020-05-08","Stopover",NA,2020-03-15 23:10:54,13,4
"70","V8296_005",2020-05-14 10:33:13,2020-05-17 10:35:20,-87.1615110861089,-88.2247376599121,-86.1146251479771,32.8845250489162,31.5517122267135,34.9485534199486,8,3.00146990740741,"Pre-breeding migration","",NA,NA,"Setophaga","2019-06-18","6:45","?","","","","",72,11.4,"2920-25307","Male","striata","harness",47.38323,-71.09479,"","","","Quebec","","","Lotek","?","ML-6740","","","Unpublished","Yes ",120,NA,55.95313996,"Both","Yes","Yes",93.3385275687174,93,NA,1000,20,3,1,FALSE,"Yes","Eastern",TRUE,-71.08716,47.38339,"2019-10-05","2020-05-08","Stopover",NA,2020-03-15 23:10:54,4,26
"71","V8296_005",2020-05-28 00:50:26,2020-06-16 08:10:02,-71.08716,-71.09479,-71.09479,47.38339,47.38323,47.38323,9,19.3052777777778,"Pre-breeding migration","",NA,NA,"Setophaga","2019-06-18","6:45","?","","","","",72,11.4,"2920-25307","Male","striata","harness",47.38323,-71.09479,"","","","Quebec","","","Lotek","?","ML-6740","","","Unpublished","Yes ",120,NA,55.95313996,"Both","Yes","Yes",93.3385275687174,93,NA,1000,20,3,1,FALSE,"Yes","Eastern",TRUE,-71.08716,47.38339,"2019-10-05","2020-05-08","Breeding",NA,NA,26,NA
"72","V8296_006",2020-04-02 22:59:36,2020-05-10 23:02:12,-69.8526406968839,-70.2093069852776,-69.4902878614257,10.8149622833219,9.60728452904635,11.841005744655,7,38.0018055555556,"Non-breeding period","",NA,NA,"Setophaga","2019-07-09","8:20","?","","","","",73,13.1,"2920-25329","Male","striata","harness",47.38599,-71.08172,"","","","Quebec","","","Lotek","?","ML-6740","","","Unpublished","No",120,NA,NA,"Both","Yes","Yes",92.4063978938388,93,NA,1000,20,3,1,FALSE,"Yes ","Eastern",FALSE,-71.08716,47.38339,"2019-10-15","2020-05-12","Nonbreeding",2,2020-04-02 22:59:36,13,15
"73","V8296_006",2020-05-12 10:06:02,2020-05-14 00:02:42,-77.1556504399718,-77.2041267144521,-77.1096647303033,26.3706810573571,26.2797722155493,26.4713378349486,8,1.58101851851852,"Pre-breeding migration","",NA,NA,"Setophaga","2019-07-09","8:20","?","","","","",73,13.1,"2920-25329","Male","striata","harness",47.38599,-71.08172,"","","","Quebec","","","Lotek","?","ML-6740","","","Unpublished","No",120,NA,NA,"Both","Yes","Yes",92.4063978938388,93,NA,1000,20,3,1,FALSE,"Yes ","Eastern",FALSE,-71.08716,47.38339,"2019-10-15","2020-05-12","Stopover",NA,2020-04-02 22:59:36,15,17
"74","V8296_006",2020-05-15 10:21:57,2020-05-17 00:20:42,-81.1307959324957,-82.5014139263997,-79.5622043438874,28.9020841886769,26.6106042712525,33.7662610339892,9,1.58246527777778,"Pre-breeding migration","",NA,NA,"Setophaga","2019-07-09","8:20","?","","","","",73,13.1,"2920-25329","Male","striata","harness",47.38599,-71.08172,"","","","Quebec","","","Lotek","?","ML-6740","","","Unpublished","No",120,NA,NA,"Both","Yes","Yes",92.4063978938388,93,NA,1000,20,3,1,FALSE,"Yes ","Eastern",FALSE,-71.08716,47.38339,"2019-10-15","2020-05-12","Stopover",NA,2020-04-02 22:59:36,17,26
"75","V8296_006",2020-05-25 00:44:42,2020-06-07 08:18:42,-71.08716,-71.08172,-71.08172,47.38339,47.38599,47.38599,10,13.3152777777778,"Pre-breeding migration","",NA,NA,"Setophaga","2019-07-09","8:20","?","","","","",73,13.1,"2920-25329","Male","striata","harness",47.38599,-71.08172,"","","","Quebec","","","Lotek","?","ML-6740","","","Unpublished","No",120,NA,NA,"Both","Yes","Yes",92.4063978938388,93,NA,1000,20,3,1,FALSE,"Yes ","Eastern",FALSE,-71.08716,47.38339,"2019-10-15","2020-05-12","Breeding",NA,NA,26,NA
"76","V8296_017",2020-04-15 23:03:27,2020-05-08 22:53:18,-70.3318554810024,-70.7743030768203,-69.9078496854447,9.23981765197903,8.05060087415526,10.6571453111923,8,22.9929513888889,"Non-breeding period","",NA,NA,"Setophaga","2019-07-11","5:50","2020-05-27","","","","",72,10.9,"2920-25338","Male","striata","harness",47.38355,-71.08777,"","","","Quebec","","","Lotek","?","ML-6740","","","Unpublished","No",120,NA,59.494421128432,"Both","Yes","Yes",92.5417575980854,93.25,NA,1000,20,3,1,FALSE,"","Eastern",FALSE,-71.08716,47.38339,"2019-10-05","2020-05-15","Nonbreeding",3,2020-04-15 23:03:27,13,NA
"77","V8296_017",2020-05-10 10:04:15,2020-05-13 23:05:22,-69.9256394725363,-70.4437286500956,-69.4380748751351,11.2495846262856,10.5082468253391,11.4689998740256,9,3.54244212962963,"Non-breeding period","",NA,NA,"Setophaga","2019-07-11","5:50","2020-05-27","","","","",72,10.9,"2920-25338","Male","striata","harness",47.38355,-71.08777,"","","","Quebec","","","Lotek","?","ML-6740","","","Unpublished","No",120,NA,59.494421128432,"Both","Yes","Yes",92.5417575980854,93.25,NA,1000,20,3,1,FALSE,"","Eastern",FALSE,-71.08716,47.38339,"2019-10-05","2020-05-15","Stopover",NA,2020-04-15 23:03:27,13,17
"78","V8296_017",2020-05-17 10:33:33,2020-05-19 00:11:26,-80.6538274503476,-81.9912339188767,-80.2370523232252,26.7423899389446,25.5994115083691,29.0811894211942,10,1.56797453703704,"Pre-breeding migration","",NA,NA,"Setophaga","2019-07-11","5:50","2020-05-27","","","","",72,10.9,"2920-25338","Male","striata","harness",47.38355,-71.08777,"","","","Quebec","","","Lotek","?","ML-6740","","","Unpublished","No",120,NA,59.494421128432,"Both","Yes","Yes",92.5417575980854,93.25,NA,1000,20,3,1,FALSE,"","Eastern",FALSE,-71.08716,47.38339,"2019-10-05","2020-05-15","Stopover",NA,2020-04-15 23:03:27,17,16
"79","V8296_017",2020-05-22 09:52:15,2020-05-24 09:39:31,-77.3673365889065,-78.7163110453258,-75.9749303077339,36.718605977282,34.8713983035473,38.5364548161587,11,1.99115740740741,"Pre-breeding migration","",NA,NA,"Setophaga","2019-07-11","5:50","2020-05-27","","","","",72,10.9,"2920-25338","Male","striata","harness",47.38355,-71.08777,"","","","Quebec","","","Lotek","?","ML-6740","","","Unpublished","No",120,NA,59.494421128432,"Both","Yes","Yes",92.5417575980854,93.25,NA,1000,20,3,1,FALSE,"","Eastern",FALSE,-71.08716,47.38339,"2019-10-05","2020-05-15","Stopover",NA,2020-04-15 23:03:27,16,26
"80","V8296_017",2020-05-26 00:20:00,2020-05-27 08:40:15,-71.08716,-71.08777,-71.08777,47.38339,47.38355,47.38355,12,1.34739583333333,"Pre-breeding migration","",NA,NA,"Setophaga","2019-07-11","5:50","2020-05-27","","","","",72,10.9,"2920-25338","Male","striata","harness",47.38355,-71.08777,"","","","Quebec","","","Lotek","?","ML-6740","","","Unpublished","No",120,NA,59.494421128432,"Both","Yes","Yes",92.5417575980854,93.25,NA,1000,20,3,1,FALSE,"","Eastern",FALSE,-71.08716,47.38339,"2019-10-05","2020-05-15","Breeding",NA,NA,26,NA
"81","V8296_026",2020-04-19 23:09:37,2020-05-07 23:01:07,-71.4105686572803,-71.9003182419113,-70.9560432377634,9.00149210611817,7.81511997451545,11.0720769390975,8,17.9940972222222,"Non-breeding period","",NA,NA,"Setophaga","2019-07-10","7:20","?","","","","",75,13.4,"2920-25334","Male","striata","harness",47.3811,-71.08306,"","","","Quebec","","","Lotek","?","ML-6740","","","Unpublished","No",120,NA,55.38074997,"Both","Yes","Yes",91.87504221,93,NA,1000,20,3,1,FALSE,"","Eastern",FALSE,-71.08716,47.38339,"2019-10-17","2020-05-08","Nonbreeding",2,2020-04-19 23:09:37,13,11
"82","V8296_026",2020-05-16 00:48:14,2020-05-21 10:07:07,-80.7921349277765,-81.6245986515511,-79.9676955916598,37.6241671975118,36.7315495641371,38.9590330350606,9,5.38811342592593,"Pre-breeding migration","",NA,NA,"Setophaga","2019-07-10","7:20","?","","","","",75,13.4,"2920-25334","Male","striata","harness",47.3811,-71.08306,"","","","Quebec","","","Lotek","?","ML-6740","","","Unpublished","No",120,NA,55.38074997,"Both","Yes","Yes",91.87504221,93,NA,1000,20,3,1,FALSE,"","Eastern",FALSE,-71.08716,47.38339,"2019-10-17","2020-05-08","Stopover",NA,2020-04-19 23:09:37,11,26
"83","V8296_026",2020-05-26 00:45:07,2020-06-04 08:34:43,-71.08716,-71.08306,-71.08306,47.38339,47.3811,47.3811,10,9.32611111111111,"Pre-breeding migration","",NA,NA,"Setophaga","2019-07-10","7:20","?","","","","",75,13.4,"2920-25334","Male","striata","harness",47.3811,-71.08306,"","","","Quebec","","","Lotek","?","ML-6740","","","Unpublished","No",120,NA,55.38074997,"Both","Yes","Yes",91.87504221,93,NA,1000,20,3,1,FALSE,"","Eastern",FALSE,-71.08716,47.38339,"2019-10-17","2020-05-08","Breeding",NA,NA,26,NA
"84","V8757_010",2020-03-01 22:10:42,2020-04-21 09:21:54,-54.3001112817096,-54.5439720103091,-54.0550675095783,4.85503758507359,4.44223213999144,5.72766816902702,14,50.4661111111111,"Non-breeding period","",NA,NA,"Setophaga","2019?","15:30:00","","","","","Second Year",77,12.3,"2920-25502","Male","striata","",58.16343635,-129.8574554,"","","","British Columbia, Highway 37","","","Lotek","","ML-6740","","","Unpublished","Yes ",120,NA,4.30142350143857,"Both","Yes","Yes",93.9581161922975,93.5,NA,1000,20,3,1,FALSE,"No","West",FALSE,-129.8574554,58.16343635,"2019-11-05","2020-04-20","Nonbreeding",2,2020-03-01 22:10:42,1,3
"85","V8757_010",2020-04-24 23:16:52,2020-05-03 23:28:34,-71.6761796794475,-71.7194234432814,-71.6245376258067,21.7693696901201,21.7185911300732,21.81318273489,15,9.008125,"Pre-breeding migration","",NA,NA,"Setophaga","2019?","15:30:00","","","","","Second Year",77,12.3,"2920-25502","Male","striata","",58.16343635,-129.8574554,"","","","British Columbia, Highway 37","","","Lotek","","ML-6740","","","Unpublished","Yes ",120,NA,4.30142350143857,"Both","Yes","Yes",93.9581161922975,93.5,NA,1000,20,3,1,FALSE,"No","West",FALSE,-129.8574554,58.16343635,"2019-11-05","2020-04-20","Stopover",NA,2020-03-01 22:10:42,3,12
"86","V8757_010",2020-05-15 10:25:54,2020-05-18 01:28:24,-90.805279307399,-93.4034288703334,-88.4282629855755,41.4921546634632,38.9278228954044,44.3777959528388,16,2.62673611111111,"Pre-breeding migration","",NA,NA,"Setophaga","2019?","15:30:00","","","","","Second Year",77,12.3,"2920-25502","Male","striata","",58.16343635,-129.8574554,"","","","British Columbia, Highway 37","","","Lotek","","ML-6740","","","Unpublished","Yes ",120,NA,4.30142350143857,"Both","Yes","Yes",93.9581161922975,93.5,NA,1000,20,3,1,FALSE,"No","West",FALSE,-129.8574554,58.16343635,"2019-11-05","2020-04-20","Stopover",NA,2020-03-01 22:10:42,12,18
"87","V8757_010",2020-06-02 06:11:54,2020-06-03 10:19:03,-129.8574554,-129.8574554,-129.8574554,58.16343635,58.16343635,58.16343635,17,1.17163194444444,"Pre-breeding migration","",NA,NA,"Setophaga","2019?","15:30:00","","","","","Second Year",77,12.3,"2920-25502","Male","striata","",58.16343635,-129.8574554,"","","","British Columbia, Highway 37","","","Lotek","","ML-6740","","","Unpublished","Yes ",120,NA,4.30142350143857,"Both","Yes","Yes",93.9581161922975,93.5,NA,1000,20,3,1,FALSE,"No","West",FALSE,-129.8574554,58.16343635,"2019-11-05","2020-04-20","Breeding",NA,NA,18,NA
"88","V8757_018",2019-10-06 21:55:57,2020-04-30 22:41:48,-70.3331772003079,-70.5423472482633,-70.1182933769382,11.175573026981,10.7650660113645,11.295541142563,6,207.031840277778,"Non-breeding period","",NA,NA,"Setophaga","2019-07-11","5:40","?","","","","",74,12.1,"2920-25337","Male","striata","harness",47.38517,-71.08742,"","","","Quebec","","","Lotek","?","ML-6740","","","Unpublished","No",120,NA,56.71374323,"Both","Yes","Yes",92.21088445,90.75,NA,1000,20,3,1,FALSE,"","Eastern",TRUE,-71.08716,47.38339,"2019-10-15","2020-04-30","Nonbreeding",1,2019-10-06 21:55:57,13,3
"89","V8757_018",2020-05-02 10:08:13,2020-05-05 23:27:34,-74.170224267147,-74.1809863994819,-74.1519978302579,18.6986344422988,18.6799680253407,18.7027328332589,7,3.55510416666667,"Pre-breeding migration","",NA,NA,"Setophaga","2019-07-11","5:40","?","","","","",74,12.1,"2920-25337","Male","striata","harness",47.38517,-71.08742,"","","","Quebec","","","Lotek","?","ML-6740","","","Unpublished","No",120,NA,56.71374323,"Both","Yes","Yes",92.21088445,90.75,NA,1000,20,3,1,FALSE,"","Eastern",TRUE,-71.08716,47.38339,"2019-10-15","2020-04-30","Stopover",NA,2019-10-06 21:55:57,3,17
"90","V8757_018",2020-05-07 10:38:16,2020-05-13 10:32:06,-80.8273170258484,-81.6392510085009,-80.1123064060685,28.7280032316995,26.7026458536185,32.9638880478565,8,5.99571759259259,"Pre-breeding migration","",NA,NA,"Setophaga","2019-07-11","5:40","?","","","","",74,12.1,"2920-25337","Male","striata","harness",47.38517,-71.08742,"","","","Quebec","","","Lotek","?","ML-6740","","","Unpublished","No",120,NA,56.71374323,"Both","Yes","Yes",92.21088445,90.75,NA,1000,20,3,1,FALSE,"","Eastern",TRUE,-71.08716,47.38339,"2019-10-15","2020-04-30","Stopover",NA,2019-10-06 21:55:57,17,26
"91","V8757_018",2020-05-22 00:40:30,2020-06-19 08:09:30,-71.08716,-71.08742,-71.08742,47.38339,47.38517,47.38517,9,28.3118055555556,"Pre-breeding migration","",NA,NA,"Setophaga","2019-07-11","5:40","?","","","","",74,12.1,"2920-25337","Male","striata","harness",47.38517,-71.08742,"","","","Quebec","","","Lotek","?","ML-6740","","","Unpublished","No",120,NA,56.71374323,"Both","Yes","Yes",92.21088445,90.75,NA,1000,20,3,1,FALSE,"","Eastern",TRUE,-71.08716,47.38339,"2019-10-15","2020-04-30","Breeding",NA,NA,26,NA
"92","V8757_019",2019-10-12 22:47:35,2020-04-27 22:33:01,-63.6953048872667,-63.6996250687152,-63.6933254475569,3.38516932046267,3.37442441463512,3.40933448950217,7,197.989884259259,"Non-breeding period","",NA,NA,"Setophaga","2019?","","","","","","After Second Year",74,13.2,"2920-25510","Male","striata","",58.16343635,-129.8574554,"","","","British Columbia, Highway 37","","","Lotek","","ML-6740","","","Unpublished","No",120,NA,3.998503387,"Both","Yes","Yes",91.67268161,93.25,NA,1000,20,3,1,FALSE,"","West",FALSE,-129.8574554,58.16343635,"2019-10-14","2020-04-28","Nonbreeding",1,2019-10-12 22:47:35,2,4
"93","V8757_019",2020-05-03 10:23:35,2020-05-16 01:03:01,-84.562335486803,-85.0944228329989,-83.8727239702167,34.4382569337941,33.6758442749981,35.5850939678258,8,12.6107175925926,"Pre-breeding migration","",NA,NA,"Setophaga","2019?","","","","","","After Second Year",74,13.2,"2920-25510","Male","striata","",58.16343635,-129.8574554,"","","","British Columbia, Highway 37","","","Lotek","","ML-6740","","","Unpublished","No",120,NA,3.998503387,"Both","Yes","Yes",91.67268161,93.25,NA,1000,20,3,1,FALSE,"","West",FALSE,-129.8574554,58.16343635,"2019-10-14","2020-04-28","Stopover",NA,2019-10-12 22:47:35,4,7
"94","V8757_019",2020-05-17 10:44:05,2020-05-23 01:40:20,-91.7371285101995,-92.8054082772629,-90.6035801504748,36.352657864364,35.2459295694027,38.0130641436168,9,5.62239583333333,"Pre-breeding migration","",NA,NA,"Setophaga","2019?","","","","","","After Second Year",74,13.2,"2920-25510","Male","striata","",58.16343635,-129.8574554,"","","","British Columbia, Highway 37","","","Lotek","","ML-6740","","","Unpublished","No",120,NA,3.998503387,"Both","Yes","Yes",91.67268161,93.25,NA,1000,20,3,1,FALSE,"","West",FALSE,-129.8574554,58.16343635,"2019-10-14","2020-04-28","Stopover",NA,2019-10-12 22:47:35,7,18
"95","V8757_019",2020-06-06 05:36:05,2020-06-09 11:07:11,-129.8574554,-129.8574554,-129.8574554,58.16343635,58.16343635,58.16343635,10,3.22993055555556,"Pre-breeding migration","",NA,NA,"Setophaga","2019?","","","","","","After Second Year",74,13.2,"2920-25510","Male","striata","",58.16343635,-129.8574554,"","","","British Columbia, Highway 37","","","Lotek","","ML-6740","","","Unpublished","No",120,NA,3.998503387,"Both","Yes","Yes",91.67268161,93.25,NA,1000,20,3,1,FALSE,"","West",FALSE,-129.8574554,58.16343635,"2019-10-14","2020-04-28","Breeding",NA,NA,18,NA
"96","V8757_029",2019-12-02 22:21:15,2020-04-24 22:49:31,-67.4449538510803,-67.7019000623745,-67.1878310730466,1.453180706608,0.418137830511929,2.50092941767479,8,144.01962962963,"Non-breeding period","",NA,NA,"Setophaga","2019?","","","","","","Second Year",72,12.5,"2920-25508","Male","striata","",58.16343635,-129.8574554,"","","","British Columbia, Highway 37","","","Lotek","","ML-6740","","","Unpublished","Yes ",120,NA,3.985505043,"Both","Yes","Yes",91.66857607,93.25,NA,1000,20,3,1,FALSE,"No","West",FALSE,-129.8574554,58.16343635,"2019-10-16","2020-04-25","Nonbreeding",2,2019-12-02 22:21:15,2,10
"97","V8757_029",2020-04-26 10:12:41,2020-05-09 00:31:21,-80.8690899155104,-81.8850942545705,-79.4636123674001,33.3323500050791,32.1219762232928,35.1656777144529,9,12.5962962962963,"Pre-breeding migration","",NA,NA,"Setophaga","2019?","","","","","","Second Year",72,12.5,"2920-25508","Male","striata","",58.16343635,-129.8574554,"","","","British Columbia, Highway 37","","","Lotek","","ML-6740","","","Unpublished","Yes ",120,NA,3.985505043,"Both","Yes","Yes",91.66857607,93.25,NA,1000,20,3,1,FALSE,"No","West",FALSE,-129.8574554,58.16343635,"2019-10-16","2020-04-25","Stopover",NA,2019-12-02 22:21:15,10,11
"98","V8757_029",2020-05-10 10:26:01,2020-05-16 01:16:41,-87.0161202230926,-89.1184612904545,-85.0331530012728,37.5786996064928,35.0690636528719,40.668236498159,10,5.61851851851852,"Pre-breeding migration","",NA,NA,"Setophaga","2019?","","","","","","Second Year",72,12.5,"2920-25508","Male","striata","",58.16343635,-129.8574554,"","","","British Columbia, Highway 37","","","Lotek","","ML-6740","","","Unpublished","Yes ",120,NA,3.985505043,"Both","Yes","Yes",91.66857607,93.25,NA,1000,20,3,1,FALSE,"No","West",FALSE,-129.8574554,58.16343635,"2019-10-16","2020-04-25","Stopover",NA,2019-12-02 22:21:15,11,5
"99","V8757_029",2020-05-17 10:34:41,2020-05-21 01:26:56,-91.2901602412175,-94.1634914926058,-88.666254577337,39.3495082444415,36.6125483462464,42.7783227355737,11,3.61961805555556,"Pre-breeding migration","",NA,NA,"Setophaga","2019?","","","","","","Second Year",72,12.5,"2920-25508","Male","striata","",58.16343635,-129.8574554,"","","","British Columbia, Highway 37","","","Lotek","","ML-6740","","","Unpublished","Yes ",120,NA,3.985505043,"Both","Yes","Yes",91.66857607,93.25,NA,1000,20,3,1,FALSE,"No","West",FALSE,-129.8574554,58.16343635,"2019-10-16","2020-04-25","Stopover",NA,2019-12-02 22:21:15,5,18
"100","V8757_029",2020-05-30 05:46:11,2020-06-16 11:15:52,-129.8574554,-129.8574554,-129.8574554,58.16343635,58.16343635,58.16343635,12,17.2289467592593,"Pre-breeding migration","",NA,NA,"Setophaga","2019?","","","","","","Second Year",72,12.5,"2920-25508","Male","striata","",58.16343635,-129.8574554,"","","","British Columbia, Highway 37","","","Lotek","","ML-6740","","","Unpublished","Yes ",120,NA,3.985505043,"Both","Yes","Yes",91.66857607,93.25,NA,1000,20,3,1,FALSE,"No","West",FALSE,-129.8574554,58.16343635,"2019-10-16","2020-04-25","Breeding",NA,NA,18,NA
"101","V8757_055",2013-01-24 22:30:21,2013-05-13 22:30:42,-62.7424048879936,-63.8122368413424,-61.662059140262,3.79623272024406,-0.499582349190496,7.59956633362045,9,109.000243055556,"Non-breeding period","",NA,NA,"Setophaga","2019-06-27","","?","","","","",75,13,"2920-25204","Male","striata","harness",62.432741,-114.420252,"","","","Northwest territories ","","","Lotek","?","ML-6740","","","Unpublished","Yes ",120,NA,-5.466108711,"Both","Yes","Yes",97.62019278,91.75,NA,1000,20,3,1,FALSE,"Yes","Central",FALSE,-114.420252,62.432741,"2012-11-05","2013-05-13","Nonbreeding",2,2013-01-24 22:30:21,2,3
"102","V8757_055",2013-05-15 09:55:09,2013-05-22 23:55:57,-76.4144925000581,-78.2821918982948,-74.7598327570085,20.4062638138594,19.9177448752901,21.7433679708952,10,7.58388888888889,"Pre-breeding migration","",NA,NA,"Setophaga","2019-06-27","","?","","","","",75,13,"2920-25204","Male","striata","harness",62.432741,-114.420252,"","","","Northwest territories ","","","Lotek","?","ML-6740","","","Unpublished","Yes ",120,NA,-5.466108711,"Both","Yes","Yes",97.62019278,91.75,NA,1000,20,3,1,FALSE,"Yes","Central",FALSE,-114.420252,62.432741,"2012-11-05","2013-05-13","Stopover",NA,2013-01-24 22:30:21,3,17
"103","V8757_055",2013-05-24 10:09:57,2013-06-01 00:54:21,-82.0867692996318,-85.244949412164,-80.9928934426403,28.0706051910514,26.4415384781159,30.8791257326013,11,7.61416666666667,"Pre-breeding migration","",NA,NA,"Setophaga","2019-06-27","","?","","","","",75,13,"2920-25204","Male","striata","harness",62.432741,-114.420252,"","","","Northwest territories ","","","Lotek","?","ML-6740","","","Unpublished","Yes ",120,NA,-5.466108711,"Both","Yes","Yes",97.62019278,91.75,NA,1000,20,3,1,FALSE,"Yes","Central",FALSE,-114.420252,62.432741,"2012-11-05","2013-05-13","Stopover",NA,2013-01-24 22:30:21,17,4
"104","V8757_055",2013-06-02 10:31:57,2013-06-06 01:29:27,-87.8097408732407,-90.2221090970567,-85.0014175818299,31.5966376505481,30.4508956370134,34.3338879315437,12,3.62326388888889,"Pre-breeding migration","",NA,NA,"Setophaga","2019-06-27","","?","","","","",75,13,"2920-25204","Male","striata","harness",62.432741,-114.420252,"","","","Northwest territories ","","","Lotek","?","ML-6740","","","Unpublished","Yes ",120,NA,-5.466108711,"Both","Yes","Yes",97.62019278,91.75,NA,1000,20,3,1,FALSE,"Yes","Central",FALSE,-114.420252,62.432741,"2012-11-05","2013-05-13","Stopover",NA,2013-01-24 22:30:21,4,7
"105","V8757_055",2013-06-07 10:33:17,2013-06-10 01:36:12,-89.3268399769987,-93.3084940309627,-86.0111849113798,33.4331371362215,30.9909597709086,37.2092030423825,13,2.62702546296296,"Pre-breeding migration","",NA,NA,"Setophaga","2019-06-27","","?","","","","",75,13,"2920-25204","Male","striata","harness",62.432741,-114.420252,"","","","Northwest territories ","","","Lotek","?","ML-6740","","","Unpublished","Yes ",120,NA,-5.466108711,"Both","Yes","Yes",97.62019278,91.75,NA,1000,20,3,1,FALSE,"Yes","Central",FALSE,-114.420252,62.432741,"2012-11-05","2013-05-13","Stopover",NA,2013-01-24 22:30:21,7,25
"106","V8757_055",2013-06-24 05:51:57,2013-07-13 08:31:57,-114.420252,-114.420252,-114.420252,62.432741,62.432741,62.432741,14,19.1111111111111,"Pre-breeding migration","",NA,NA,"Setophaga","2019-06-27","","?","","","","",75,13,"2920-25204","Male","striata","harness",62.432741,-114.420252,"","","","Northwest territories ","","","Lotek","?","ML-6740","","","Unpublished","Yes ",120,NA,-5.466108711,"Both","Yes","Yes",97.62019278,91.75,NA,1000,20,3,1,FALSE,"Yes","Central",FALSE,-114.420252,62.432741,"2012-11-05","2013-05-13","Breeding",NA,NA,25,NA
"107","V8757_078",2019-10-09 04:00:00,2020-04-28 10:15:05,-71.5339378628348,-71.5769464777666,-71.4961751406947,5.64473947240785,5.27797382347631,6.04344729389168,3,202.260474537037,"Non-breeding period","",NA,NA,"Setophaga","2019-06-17","6:10","?","","","","",69,10.7,"2920-25303","Male","striata","harness",47.37864,-71.09769,"","","","Quebec","","","Lotek","?","ML-6740","","","Unpublished","No",120,NA,56.24816041,"Both","Yes","Yes",93.03938043,93,NA,1000,20,3,1,FALSE,"","Eastern",TRUE,-71.08716,47.38339,"2019-10-09","2020-05-15","Nonbreeding",1,2019-10-09 04:00:00,14,13
"108","V8757_078",2020-05-03 10:09:45,2020-05-13 23:07:45,-70.3896759390904,-71.1151000571249,-69.6673122212593,12.3222331809631,10.5164413019047,14.3561427737347,4,10.5402777777778,"Pre-breeding migration","",NA,NA,"Setophaga","2019-06-17","6:10","?","","","","",69,10.7,"2920-25303","Male","striata","harness",47.37864,-71.09769,"","","","Quebec","","","Lotek","?","ML-6740","","","Unpublished","No",120,NA,56.24816041,"Both","Yes","Yes",93.03938043,93,NA,1000,20,3,1,FALSE,"","Eastern",TRUE,-71.08716,47.38339,"2019-10-09","2020-05-15","Stopover",NA,2019-10-09 04:00:00,13,15
"109","V8757_078",2020-05-15 10:03:30,2020-05-18 00:14:41,-78.3200238835938,-79.6038394561991,-77.1377517228983,27.446492998095,25.5400726015681,29.9135905296642,5,2.59109953703704,"Pre-breeding migration","",NA,NA,"Setophaga","2019-06-17","6:10","?","","","","",69,10.7,"2920-25303","Male","striata","harness",47.37864,-71.09769,"","","","Quebec","","","Lotek","?","ML-6740","","","Unpublished","No",120,NA,56.24816041,"Both","Yes","Yes",93.03938043,93,NA,1000,20,3,1,FALSE,"","Eastern",TRUE,-71.08716,47.38339,"2019-10-09","2020-05-15","Stopover",NA,2019-10-09 04:00:00,15,26
"110","V8757_078",2020-06-04 08:29:00,2020-06-15 08:18:49,-71.08716,-71.09769,-71.09769,47.38339,47.37864,47.37864,6,10.9929282407407,"Pre-breeding migration","",NA,NA,"Setophaga","2019-06-17","6:10","?","","","","",69,10.7,"2920-25303","Male","striata","harness",47.37864,-71.09769,"","","","Quebec","","","Lotek","?","ML-6740","","","Unpublished","No",120,NA,56.24816041,"Both","Yes","Yes",93.03938043,93,NA,1000,20,3,1,FALSE,"","Eastern",TRUE,-71.08716,47.38339,"2019-10-09","2020-05-15","Breeding",NA,NA,26,NA
"111","V8757_096",2013-05-06 22:50:45.306288,2013-05-23 22:45:45.306288,-67.1305433977135,-67.9724586658353,-66.2878294481841,4.61517586935306,2.979683300744,7.44158767898308,11,16.9965277777778,"Non-breeding period","",NA,NA,"Setophaga","2019?","","","","","","",NA,NA,"","","striata","",49.45833,-56.225,"","","","Newfoundland ","","","Lotek","","ML-6740","","","Unpublished","Yes ",120,NA,-3.920918413,"Both","Yes","Yes",97.68084082,92.25,NA,1000,20,3,1,FALSE,"No","Eastern",FALSE,-56.225,49.45833,"2012-11-03","2013-05-23","Nonbreeding",3,2013-05-06 22:50:45.306288,6,15
"112","V8757_096",2013-05-27 10:09:45.306288,2013-05-29 23:56:12.306288,-76.5364309648472,-76.5859916024132,-76.4910785361145,25.3900312592657,25.3406160443352,25.4355673477295,12,2.57392361111111,"Pre-breeding migration","",NA,NA,"Setophaga","2019?","","","","","","",NA,NA,"","","striata","",49.45833,-56.225,"","","","Newfoundland ","","","Lotek","","ML-6740","","","Unpublished","Yes ",120,NA,-3.920918413,"Both","Yes","Yes",97.68084082,92.25,NA,1000,20,3,1,FALSE,"No","Eastern",FALSE,-56.225,49.45833,"2012-11-03","2013-05-23","Stopover",NA,2013-05-06 22:50:45.306288,15,16
"113","V8757_096",2013-06-02 00:20:06.306288,2013-06-11 09:38:29.152442,-76.2402225072208,-77.2178016234353,-72.9021951129827,35.7706654284934,31.9015950253345,37.1031531685069,13,9.38776442307841,"Pre-breeding migration","",NA,NA,"Setophaga","2019?","","","","","","",NA,NA,"","","striata","",49.45833,-56.225,"","","","Newfoundland ","","","Lotek","","ML-6740","","","Unpublished","Yes ",120,NA,-3.920918413,"Both","Yes","Yes",97.68084082,92.25,NA,1000,20,3,1,FALSE,"No","Eastern",FALSE,-56.225,49.45833,"2012-11-03","2013-05-23","Stopover",NA,2013-05-06 22:50:45.306288,16,23
"114","V8757_096",2013-07-02 07:10:33.306288,2013-07-08 07:15:00.306288,-56.225,-56.225,-56.225,49.45833,49.45833,49.45833,16,6.00309027777778,"Pre-breeding migration","",NA,NA,"Setophaga","2019?","","","","","","",NA,NA,"","","striata","",49.45833,-56.225,"","","","Newfoundland ","","","Lotek","","ML-6740","","","Unpublished","Yes ",120,NA,-3.920918413,"Both","Yes","Yes",97.68084082,92.25,NA,1000,20,3,1,FALSE,"No","Eastern",FALSE,-56.225,49.45833,"2012-11-03","2013-05-23","Breeding",NA,NA,23,NA
"115","V8757_134",2013-04-04 22:45:06,2013-05-10 22:46:36,-68.0487203184809,-68.7659418600872,-67.4528444417867,7.22035607926139,5.22705328652104,9.90891560016092,6,36.0010416666667,"Non-breeding period","",NA,NA,"Setophaga","2019?","","","","","","",NA,NA,"","","striata","",49.45833,-56.225,"","","","Newfoundland ","","","Lotek","","ML-6740","","","Unpublished","No",120,NA,-4.443570498,"Both","Yes","Yes",97.13484801,91.75,NA,1000,20,3,1,FALSE,"","Eastern",FALSE,-56.225,49.45833,"2012-10-22","2013-05-18","Nonbreeding",2,2013-04-04 22:45:06,6,16
"116","V8757_134",2013-05-27 00:22:06,2013-06-07 09:27:50,-75.8035904478453,-76.7575506057375,-75.4678733868677,36.1816797380903,35.7791450117268,37.1015715231532,7,11.3789814814815,"Pre-breeding migration","",NA,NA,"Setophaga","2019?","","","","","","",NA,NA,"","","striata","",49.45833,-56.225,"","","","Newfoundland ","","","Lotek","","ML-6740","","","Unpublished","No",120,NA,-4.443570498,"Both","Yes","Yes",97.13484801,91.75,NA,1000,20,3,1,FALSE,"","Eastern",FALSE,-56.225,49.45833,"2012-10-22","2013-05-18","Stopover",NA,2013-04-04 22:45:06,16,23
"117","V8757_134",2013-07-01 00:12:36,2013-07-02 07:11:06,-56.225,-56.225,-56.225,49.45833,49.45833,49.45833,9,1.290625,"Pre-breeding migration","",NA,NA,"Setophaga","2019?","","","","","","",NA,NA,"","","striata","",49.45833,-56.225,"","","","Newfoundland ","","","Lotek","","ML-6740","","","Unpublished","No",120,NA,-4.443570498,"Both","Yes","Yes",97.13484801,91.75,NA,1000,20,3,1,FALSE,"","Eastern",FALSE,-56.225,49.45833,"2012-10-22","2013-05-18","Breeding",NA,NA,23,NA
"118","WRMA04173",2020-05-01 23:13:30,2020-06-03 00:00:24,-68.1082711469085,-68.1111980017949,-68.1003299991659,10.4498769360754,10.4455653720892,10.4507867487556,2,32.0325694444444,"Pre-breeding migration","",NA,NA,"Setophaga","2020-03-07","6:40:00","2021-02-23","9:00:00","","","After Hatching Year ",71,11.6,"AA9562","Female ","striata","",4.00841,-73.45515,"","","","Colombia (South America)","","","Lotek ","","ML-6740","","","Unpublished","Yes ",120,NA,NA,"North","Yes","No",93.84586143,NA,NA,1000,20,3,1,FALSE,"No","Eastern",FALSE,-73.45515,4.00841,NA,"2020-06-01","Stopover",NA,2020-03-07 23:20:00,13,10
"119","WRMA04173",2020-06-04 10:03:45,2020-06-07 09:44:00,-80.5293299519107,-81.1509500772106,-79.9953784686033,35.1408836808272,34.6901733260709,36.0673286171722,3,2.98628472222222,"Pre-breeding migration","",NA,NA,"Setophaga","2020-03-07","6:40:00","2021-02-23","9:00:00","","","After Hatching Year ",71,11.6,"AA9562","Female ","striata","",4.00841,-73.45515,"","","","Colombia (South America)","","","Lotek ","","ML-6740","","","Unpublished","Yes ",120,NA,NA,"North","Yes","No",93.84586143,NA,NA,1000,20,3,1,FALSE,"No","Eastern",FALSE,-73.45515,4.00841,NA,"2020-06-01","Stopover",NA,2020-03-07 23:20:00,10,20
"120","WRMA04173",2020-06-19 07:06:00,2020-08-05 01:38:00,-74.3698271452958,-74.4469352006712,-74.3320624244354,56.9877151630551,56.9758428220935,57.0140447750065,4,46.7722222222222,"Pre-breeding migration","",NA,NA,"Setophaga","2020-03-07","6:40:00","2021-02-23","9:00:00","","","After Hatching Year ",71,11.6,"AA9562","Female ","striata","",4.00841,-73.45515,"","","","Colombia (South America)","","","Lotek ","","ML-6740","","","Unpublished","Yes ",120,NA,NA,"North","Yes","No",93.84586143,NA,NA,1000,20,3,1,FALSE,"No","Eastern",FALSE,-73.45515,4.00841,NA,"2020-06-01","Breeding",NA,NA,20,NA
"121","blpw09",2016-10-22 10:43:15,2017-04-25 22:38:03,-61.4784778003008,-61.479960446018,-61.4758352343077,0.822941763494484,0.796044725871059,0.835480293793529,5,185.496388888889,"Non-breeding period","3254-043",NA,NA,"Setophaga","2016-06-17","","2017-06-12","","","","After Hatching Year",76,13.28,"2740-82809","","striata","harness",60.065032,-132.312099,"","","","Whitehorse, Yukon","","","Biotrack","?","MK-6","","","Deluca et al. 2019","No",120,NA,NA,"Both","Yes","No",92.1536464773831,92.75,NA,1000,20,3,1,FALSE,"No","West",FALSE,-132.311396,60.066092,"2016-10-25","2017-04-27","Nonbreeding",1,2016-10-22 10:43:15,2,4
"122","blpw09",2017-05-01 10:44:28,2017-05-08 00:55:55,-87.2738459483323,-89.0096084022246,-85.4942284808888,34.1316588896362,31.3323811509413,36.9709312617015,6,6.59128472222222,"Pre-breeding migration","3254-043",NA,NA,"Setophaga","2016-06-17","","2017-06-12","","","","After Hatching Year",76,13.28,"2740-82809","","striata","harness",60.065032,-132.312099,"","","","Whitehorse, Yukon","","","Biotrack","?","MK-6","","","Deluca et al. 2019","No",120,NA,NA,"Both","Yes","No",92.1536464773831,92.75,NA,1000,20,3,1,FALSE,"No","West",FALSE,-132.311396,60.066092,"2016-10-25","2017-04-27","Stopover",NA,2016-10-22 10:43:15,4,5
"123","blpw09",2017-05-09 10:51:45,2017-05-14 01:23:15,-90.825338345732,-93.0413416593607,-88.5567686612603,36.8850035679684,34.1969326825829,39.8845957068623,7,4.60520833333333,"Pre-breeding migration","3254-043",NA,NA,"Setophaga","2016-06-17","","2017-06-12","","","","After Hatching Year",76,13.28,"2740-82809","","striata","harness",60.065032,-132.312099,"","","","Whitehorse, Yukon","","","Biotrack","?","MK-6","","","Deluca et al. 2019","No",120,NA,NA,"Both","Yes","No",92.1536464773831,92.75,NA,1000,20,3,1,FALSE,"No","West",FALSE,-132.311396,60.066092,"2016-10-25","2017-04-27","Stopover",NA,2016-10-22 10:43:15,5,27
"124","blpw09",2017-05-24 10:37:00,2017-06-13 10:49:45,-132.311396,-132.312099,-132.312099,60.066092,60.065032,60.065032,8,20.0088541666667,"Pre-breeding migration","3254-043",NA,NA,"Setophaga","2016-06-17","","2017-06-12","","","","After Hatching Year",76,13.28,"2740-82809","","striata","harness",60.065032,-132.312099,"","","","Whitehorse, Yukon","","","Biotrack","?","MK-6","","","Deluca et al. 2019","No",120,NA,NA,"Both","Yes","No",92.1536464773831,92.75,NA,1000,20,3,1,FALSE,"No","West",FALSE,-132.311396,60.066092,"2016-10-25","2017-04-27","Breeding",NA,NA,27,NA
"125","blpw12",2016-10-20 10:02:54,2017-04-18 09:56:21,-64.2361792761413,-64.3632765521222,-64.0919808797718,4.89242983662036,4.07994783935192,5.57784794803942,7,179.995451388889,"Non-breeding period","",NA,NA,"Setophaga","2016-07-17","","2017-06-11","","","","Second Year",75,12.94,"2740-82812","","striata","harness",60.064575,-132.306115,"","","","Whitehorse, Yukon","","","Biotrack","?","MK-6","","","Deluca et al. 2019","No",120,NA,NA,"Both","Yes","No",91.496261284866,93,NA,1000,20,3,1,FALSE,"No","West",FALSE,-132.311396,60.066092,"2016-10-11","2017-04-18","Nonbreeding",1,2016-10-20 10:02:54,2,17
"126","blpw12",2017-04-20 10:31:39,2017-04-26 00:22:39,-81.78857348132,-82.9198502134129,-81.079481830174,29.6971634664706,27.2968353312891,33.2996887463415,8,5.57708333333333,"Pre-breeding migration","",NA,NA,"Setophaga","2016-07-17","","2017-06-11","","","","Second Year",75,12.94,"2740-82812","","striata","harness",60.064575,-132.306115,"","","","Whitehorse, Yukon","","","Biotrack","?","MK-6","","","Deluca et al. 2019","No",120,NA,NA,"Both","Yes","No",91.496261284866,93,NA,1000,20,3,1,FALSE,"No","West",FALSE,-132.311396,60.066092,"2016-10-11","2017-04-18","Stopover",NA,2016-10-20 10:02:54,17,4
"127","blpw12",2017-04-27 11:00:34,2017-05-03 00:54:39,-86.6124817946957,-87.8280827249862,-85.284091154274,33.7468856391218,31.7988759762803,36.2866315449901,9,5.57922453703704,"Pre-breeding migration","",NA,NA,"Setophaga","2016-07-17","","2017-06-11","","","","Second Year",75,12.94,"2740-82812","","striata","harness",60.064575,-132.306115,"","","","Whitehorse, Yukon","","","Biotrack","?","MK-6","","","Deluca et al. 2019","No",120,NA,NA,"Both","Yes","No",91.496261284866,93,NA,1000,20,3,1,FALSE,"No","West",FALSE,-132.311396,60.066092,"2016-10-11","2017-04-18","Stopover",NA,2016-10-20 10:02:54,4,7
"128","blpw12",2017-05-04 11:11:09,2017-05-12 00:55:09,-92.0415556172424,-93.1951183073795,-90.8621367985546,35.4281041054547,34.1069534368465,37.2701171375455,10,7.57222222222222,"Pre-breeding migration","",NA,NA,"Setophaga","2016-07-17","","2017-06-11","","","","Second Year",75,12.94,"2740-82812","","striata","harness",60.064575,-132.306115,"","","","Whitehorse, Yukon","","","Biotrack","?","MK-6","","","Deluca et al. 2019","No",120,NA,NA,"Both","Yes","No",91.496261284866,93,NA,1000,20,3,1,FALSE,"No","West",FALSE,-132.311396,60.066092,"2016-10-11","2017-04-18","Stopover",NA,2016-10-20 10:02:54,7,27
"129","blpw12",2017-05-25 10:57:09,2017-06-13 10:24:39,-132.311396,-132.306115,-132.306115,60.066092,60.064575,60.064575,11,18.9774305555556,"Pre-breeding migration","",NA,NA,"Setophaga","2016-07-17","","2017-06-11","","","","Second Year",75,12.94,"2740-82812","","striata","harness",60.064575,-132.306115,"","","","Whitehorse, Yukon","","","Biotrack","?","MK-6","","","Deluca et al. 2019","No",120,NA,NA,"Both","Yes","No",91.496261284866,93,NA,1000,20,3,1,FALSE,"No","West",FALSE,-132.311396,60.066092,"2016-10-11","2017-04-18","Breeding",NA,NA,27,NA
"130","blpw14",2016-11-02 22:11:27,2017-04-20 22:32:55,-62.770533352309,-62.9544367356489,-62.577153329897,1.97166599867965,1.30627404375748,2.93506863279625,7,169.014907407407,"Non-breeding period","3254-024",NA,NA,"Setophaga","2016-06-18","","2017-06-11","","","","Second Year",76,13.18,"2740-82815","","striata","harness",60.066092,-132.306727,"","","","Whitehorse, Yukon","","","Biotrack","?","MK-6","","","Deluca et al. 2019","Yes ",120,NA,NA,"Both","Yes","No",91.4496550527318,93.75,NA,1000,20,3,1,FALSE,"No","West",FALSE,-132.311396,60.066092,"2016-10-25","2017-04-21","Nonbreeding",1,2016-11-02 22:11:27,2,4
"131","blpw14",2017-04-28 10:40:22,2017-05-04 00:37:29,-85.184002063849,-87.5798542723734,-82.8675533462748,33.0451511313993,30.3712886017516,36.9013792473895,8,5.58133101851852,"Pre-breeding migration","3254-024",NA,NA,"Setophaga","2016-06-18","","2017-06-11","","","","Second Year",76,13.18,"2740-82815","","striata","harness",60.066092,-132.306727,"","","","Whitehorse, Yukon","","","Biotrack","?","MK-6","","","Deluca et al. 2019","Yes ",120,NA,NA,"Both","Yes","No",91.4496550527318,93.75,NA,1000,20,3,1,FALSE,"No","West",FALSE,-132.311396,60.066092,"2016-10-25","2017-04-21","Stopover",NA,2016-11-02 22:11:27,4,7
"132","blpw14",2017-05-05 10:48:30,2017-05-12 01:10:32,-90.4211276669947,-92.5304220489701,-88.1641968534975,35.1719381142714,32.9089730694993,38.0746170807828,9,6.59863425925926,"Pre-breeding migration","3254-024",NA,NA,"Setophaga","2016-06-18","","2017-06-11","","","","Second Year",76,13.18,"2740-82815","","striata","harness",60.066092,-132.306727,"","","","Whitehorse, Yukon","","","Biotrack","?","MK-6","","","Deluca et al. 2019","Yes ",120,NA,NA,"Both","Yes","No",91.4496550527318,93.75,NA,1000,20,3,1,FALSE,"No","West",FALSE,-132.311396,60.066092,"2016-10-25","2017-04-21","Stopover",NA,2016-11-02 22:11:27,7,27
"133","blpw14",2017-05-22 11:19:05,2017-06-12 10:57:43,-132.311396,-132.306727,-132.306727,60.066092,60.066092,60.066092,10,20.985162037037,"Pre-breeding migration","3254-024",NA,NA,"Setophaga","2016-06-18","","2017-06-11","","","","Second Year",76,13.18,"2740-82815","","striata","harness",60.066092,-132.306727,"","","","Whitehorse, Yukon","","","Biotrack","?","MK-6","","","Deluca et al. 2019","Yes ",120,NA,NA,"Both","Yes","No",91.4496550527318,93.75,NA,1000,20,3,1,FALSE,"No","West",FALSE,-132.311396,60.066092,"2016-10-25","2017-04-21","Breeding",NA,NA,27,NA
"134","blpw25",2016-11-01 22:27:10,2017-04-24 22:41:03,-64.7502552270697,-65.1094714270776,-64.4099341316889,1.07711970198348,-0.293444846226779,2.35252987963282,7,174.009641203704,"Non-breeding period","3254-034",NA,NA,"Setophaga","2016-06-19","10:40:00","2017-06-12","","","","After Hatching Year",75,11.84,"2740-82825","","striata","harness",60.557287,-133.124878,"","","","Whitehorse, Yukon","","","Biotrack","?","MK-6","","","Deluca et al. 2019","No",120,NA,NA,"Both","Yes","No",91.9520207535516,91,NA,1000,20,3,1,FALSE,"No","West",FALSE,-132.311396,60.066092,"2016-10-24","2017-04-25","Nonbreeding",1,2016-11-01 22:27:10,2,11
"135","blpw25",2017-04-27 00:06:33,2017-05-06 00:45:05,-84.0502699079899,-86.0158471895947,-82.0247177009408,36.5209310588423,33.3799695735562,39.7168250778493,8,9.02675925925926,"Pre-breeding migration","3254-034",NA,NA,"Setophaga","2016-06-19","10:40:00","2017-06-12","","","","After Hatching Year",75,11.84,"2740-82825","","striata","harness",60.557287,-133.124878,"","","","Whitehorse, Yukon","","","Biotrack","?","MK-6","","","Deluca et al. 2019","No",120,NA,NA,"Both","Yes","No",91.9520207535516,91,NA,1000,20,3,1,FALSE,"No","West",FALSE,-132.311396,60.066092,"2016-10-24","2017-04-25","Stopover",NA,2016-11-01 22:27:10,11,5
"136","blpw25",2017-05-07 10:40:25,2017-05-12 01:20:36,-90.6357529582908,-93.473984146789,-87.9185769995078,40.6923370480524,37.2914930984253,44.3197879451506,9,4.61123842592593,"Pre-breeding migration","3254-034",NA,NA,"Setophaga","2016-06-19","10:40:00","2017-06-12","","","","After Hatching Year",75,11.84,"2740-82825","","striata","harness",60.557287,-133.124878,"","","","Whitehorse, Yukon","","","Biotrack","?","MK-6","","","Deluca et al. 2019","No",120,NA,NA,"Both","Yes","No",91.9520207535516,91,NA,1000,20,3,1,FALSE,"No","West",FALSE,-132.311396,60.066092,"2016-10-24","2017-04-25","Stopover",NA,2016-11-01 22:27:10,5,27
"137","blpw25",2017-05-26 05:53:09,2017-06-13 10:40:32,-132.311396,-133.124878,-133.124878,60.066092,60.557287,60.557287,10,18.1995717592593,"Pre-breeding migration","3254-034",NA,NA,"Setophaga","2016-06-19","10:40:00","2017-06-12","","","","After Hatching Year",75,11.84,"2740-82825","","striata","harness",60.557287,-133.124878,"","","","Whitehorse, Yukon","","","Biotrack","?","MK-6","","","Deluca et al. 2019","No",120,NA,NA,"Both","Yes","No",91.9520207535516,91,NA,1000,20,3,1,FALSE,"No","West",FALSE,-132.311396,60.066092,"2016-10-24","2017-04-25","Breeding",NA,NA,27,NA
