"","geo_id","dist","StartTime","EndTime","Lon.50.","Lon.2.5.","Lon.97.5.","Lat.50.","Lat.2.5.","Lat.97.5.","sitenum","duration","period","geo.id2","band.id","animal.id","animal.taxon","deploy.on.date","deploy.on.time_GMT","deploy.off.date","deploy.off.time","lig.estimated.deploy.day","lig.estimated.recovery.day","animal.latest.date.born","animal.life.stage","Age.status","Wing.cord.mm","animal.mass","animal.sex","animal.taxon.detail","attachment.type","deploy.latitude","deploy.longitude","recovery.latitude","recovery.longitude","deployment.comments","deployment.end.type","manipulation.type","study.site","deploy.range","tag.comments","study.site.specification","tag.manufacturer.name","tag.mass","tag.model","tag.readout.method","tag.serial.no","Study","preliminary_analysis","recording_interval_seconds","light_threshold","Time_shift_hours","Recorded_North_South_mig","Light_Data_Available","Time_shift","In_habitat_median_zenith_angle","Hill_Ekstrom_median_angle","tol","MCMC.iter","MCMC.thin","MCMC.chains","changeLight.days","changelight.quantile","mergesites.distance","stat.nbr.limit","path.elongated","Insert_twilights","Range_region","Fall_carrib_edits","Clock_drift_edits","mod.deploy.lon","mod.deploy.lat","nbr.arrival","nbr.departure","spring.equinox.year","spring.equinox.date","Recaptured","IH.calib.start","IH.calib.end","IH.calib.start2","IH.calib.end2","Zenith0_adjustment","br.departure","br.arrival","br.departure.woodsworth","br.arrival.woodsworth","nbr.arrival.woodsworth","nbr.departure.woodsworth","X","First.trans.flight.start","first.trans.flight.start","First.trans.flight.start.1","first.trans.flight.start.1","light.review.quality","Breeding_region_MC","site_type","IQR.lon.dist","IQR.lat.dist","fall.br.departure","spring.br.arrival","NB_count","year.difference","Lon.50.lag","Lat.50.lag","geo_id.lag","no.nbrs","nbr.mover","nbr.move.group","equinox.nbr.move","timing.nbr.move"
"1","3254_001",NA,"2016-10-28 21:58:42","2017-04-11 09:46:58",-57.2446665038422,-57.8700526544625,-56.4197515176272,5.8156595663044,4.96156620245672,6.4251740587843,7,164.491851851852,"Non-breeding period","","2740-82912",NA,"Setophaga","2016-06-14","13:41:00","2017-06-10","","2016-06-14","2017-06-10","","AHY","Adult",75,12.73,"Male","striata","harness",64.820971,-163.71321,NA,NA,"","","","Nome, Alaska","Breeding","","","Biotrack","?","MK-6","","","Deluca et al. 2019","No",120,NA,NA,"Both","Yes","No",92.97459648,93,0.01,1000,20,3,1,0.86,250,14,TRUE,"No","Western",FALSE,FALSE,-163.71321,64.82774,"2016-10-28","2017-04-11",2017,2017-03-20,"No","2016-08-10","2016-08-20",NA,NA,0,"2016-08-22","2017-05-29","2016-07-25 0:00","2017-05-29 0:00","2016-10-31","2017-04-08",NA,"","","","","","Northwestern Region","Nonbreeding",160615.781798062,162928.081287421,"2016-08-18 13:37:31",NA,1,0,NA,NA,NA,0,"nonmover",1,"equinox free","winter.nbr.movements"
"2","3254_008",NA,"2016-10-26 22:02:03","2017-04-04 09:47:43",-58.2953088859343,-58.3881090629413,-58.1888564490777,1.24187771826638,0.777484328806457,1.70071947458949,9,159.490046296296,"Non-breeding period","","2740-82911",NA,"Setophaga","2016-06-14","12:46:00","2017-06-05","","2016-06-14","2017-06-05","","AHY","Adult",76,12.46,"Male","striata","harness",64.83017,-163.7117,NA,NA,"","","","Nome, Alaska","Breeding","","","Biotrack","?","MK-6","","","Deluca et al. 2019","No",120,NA,NA,"Both","Yes","No",92.39717321,92.75,0.085,1000,20,3,1,0.8,250,14,TRUE,"No","Western",FALSE,FALSE,-163.71321,64.82774,"2016-10-26","2017-04-04",2017,2017-03-20,"No","2016-08-01","2016-08-20",NA,NA,2,"2016-08-25","2017-05-29","2016-10-30","2017-04-06","2016-10-30","2017-06-03 0:00",NA,"","","","","","Northwestern Region","Nonbreeding",22175.4894742268,102774.06631102,"2016-08-25 06:44:59",NA,1,0,NA,NA,NA,0,"nonmover",2,"equinox free","winter.nbr.movements"
"3","3254_057",NA,"2016-10-17 22:21:06","2017-04-16 22:37:52",-63.3741121313668,-63.4455316040345,-63.334754944971,2.56855419526108,2.17327233139867,2.74348051203202,7,181.011643518518,"Non-breeding period","","2740-82921",NA,"Setophaga","2016-06-15","11:40:00","2017-06-07","","2016-06-15","2017-06-07","","AHY","Adult",76,13.35,"Male","striata","harness",64.6375,-165.28943,NA,NA,"","","","Nome, Alaska","Breeding","","","Biotrack","?","MK-6","","","Deluca et al. 2019","No",120,NA,NA,"Both","Yes","No",91.77571139,93,0.14,1000,20,3,2,0.88,250,14,TRUE,"No","Western",FALSE,FALSE,-163.71321,64.82774,"2016-10-17","2017-04-16",2017,2017-03-20,"No","2016-08-01","2016-08-20",NA,NA,2.5,"2016-08-23","2017-06-01","2016-08-22","2017-06-04","2016-10-29","2017-04-02",NA,"","","","","","Northwestern Region","Nonbreeding",12319.2119127807,63475.284314264,"2016-08-23 14:58:37",NA,1,0,NA,NA,NA,0,"nonmover",3,"equinox free","winter.nbr.movements"
"4","4068_014",NA,"2016-10-12 10:15:02","2017-04-19 09:57:36",-62.8522607552897,-63.091121513093,-62.6425992808387,3.48527536510173,2.0809831040349,4.81111077973115,8,188.987893518519,"Non-breeding period","","1760-53551",NA,"Setophaga","2016-06-05","12:01:00","2017-06-03","","2016-06-05","2017-06-03","",NA,NA,NA,NA,"Male","striata","harness",63.72073,-149.42917,NA,NA,"","","","Denali, Alaska","Breeding","","","Biotrack","?","MK-6","","","Deluca et al. 2019","Yes ",120,NA,NA,"Both","Yes","No",91.51453942,91.75,0.1,1000,20,3,2,0.86,250,14,FALSE,"No","Western",FALSE,FALSE,-149.416795,63.722625,"2016-10-12","2017-04-19",2017,2017-03-20,"No","2016-08-01","2016-08-20",NA,NA,2,"2016-08-18","2017-05-29","2016-08-19","2017-05-28","2016-10-26","2017-04-19",NA,"","","","","","Northwestern Region","Nonbreeding",49836.9195850331,303916.42265913,"2016-08-18 13:22:37","2017-06-04 08:59:59",1,0,NA,NA,NA,0,"nonmover",4,"equinox free","winter.nbr.movements"
"5","4105_008",NA,"2016-10-22 22:10:16","2017-04-24 10:28:11",-69.2551340131297,-69.4913968634287,-68.9976359456035,0.608838019990415,-0.311634617355495,1.38645422638915,6,183.51244212963,"Non-breeding period","","2740-81720",NA,"Setophaga","2016-06-18","","2017-06-25","","2016-06-18","2017-06-25","","AHY","Adult",76,12.75,"Male","striata","harness",58.72798,-93.8313,NA,NA,"","","","Churchill, Manitoba","Breeding","","","Biotrack","?","MK-6","","","Deluca et al. 2019","Yes ",120,NA,NA,"Both","Yes","No",92.73995246,90,0.18,1000,20,3,1,0.9,250,14,FALSE,"No","Central",FALSE,FALSE,-93.8313,58.71955,"2016-10-22","2017-04-24",2017,2017-03-20,"No","2016-07-01","2016-08-20","2017-06-08","2017-06-22",-2.5,"2016-08-28","2017-06-04","2016-08-28","2017-06-05","2016-11-05","2017-04-28",NA,"","","","","","Central Region","Nonbreeding",54962.1107100029,189030.385407392,"2016-09-09 11:25:58","2017-06-04 08:55:54",1,0,NA,NA,NA,0,"nonmover",5,"equinox free","winter.nbr.movements"
"6","4105_009",NA,"2016-10-13 22:14:05.585144","2017-05-03 22:45:11.263434",-67.0192329471321,-67.0787429465488,-66.939002725294,3.61531308946411,3.37447664788752,3.82620155073408,7,202.021593498728,"Non-breeding period","","2740-81717",NA,"Setophaga","2016-06-18","","2017-06-27","","2016-06-18","2017-06-27","","ASY","Adult",74.5,12.25,"Male","striata","harness",58.731288,-93.82587,NA,NA,"","","","Churchill, Manitoba","Breeding","","","Biotrack","?","MK-6","","","Deluca et al. 2019","No",120,NA,NA,"Both","Yes","No",91.7408646,90.25,0.08,1000,20,3,1,0.9,250,14,FALSE,"No","Central",FALSE,TRUE,-93.8313,58.71955,"2016-10-13","2017-05-03",2017,2017-03-20,"No","2016-07-01","2016-08-20","2017-06-12","2017-06-23",0,"2016-08-28","2017-06-01","2016-08-28","2017-06-06","2016-10-20","2017-05-02",NA,"","","","","","Central Region","Nonbreeding",15524.8528135368,50285.7861635203,"2016-08-28 11:02:41.391874","2017-06-01 09:16:33.188341",1,0,NA,NA,NA,0,"nonmover",6,"equinox free","winter.nbr.movements"
"7","4105_016",NA,"2016-10-22 22:13:48","2017-03-30 10:19:53",-66.7417845264435,-66.9641920835817,-66.5161711069615,3.61641006464387,2.82459290272878,4.38886899887502,8,158.504224537037,"Non-breeding period","","2740-81731",NA,"Setophaga","2016-06-22","","2017-06-22","","2016-06-22","2017-06-22","","SY","Adult",71,13,"Male","striata","harness",58.71955,-93.83599,NA,NA,"","","","Churchill, Manitoba","Breeding","","","Biotrack","?","MK-6","","","Deluca et al. 2019","No",120,NA,NA,"Both","Yes","No",92.9037859080173,92,0.118,1000,20,3,1,0.8,250,14,FALSE,"No","Central",FALSE,FALSE,-93.8313,58.71955,"2016-10-22","2017-05-22",2017,2017-03-20,"No","2016-07-10","2016-08-20","2017-06-15","2017-06-20",2,"2016-09-11","2017-06-10","2016-09-09","2017-06-10","2016-10-31","2017-04-28",NA,"","","","","","Central Region","Nonbreeding",49774.1536264266,174134.418483089,"2016-09-10 11:15:43","2017-06-10 03:42:46",1,0,NA,NA,NA,2,"mover",7,"equinox affected","winter.nbr.movements"
"8","4105_016",294663.854639024,"2017-03-31 22:41:08","2017-04-28 10:11:11",-66.493861588607,-67.0282643524895,-65.9505171658812,0.981014789164659,-1.90834847375017,4.4448141857087,9,27.4792013888889,"Non-breeding period","","2740-81731",NA,"Setophaga","2016-06-22","","2017-06-22","","2016-06-22","2017-06-22","","SY","Adult",71,13,"Male","striata","harness",58.71955,-93.83599,NA,NA,"","","","Churchill, Manitoba","Breeding","","","Biotrack","?","MK-6","","","Deluca et al. 2019","No",120,NA,NA,"Both","Yes","No",92.9037859080173,92,0.118,1000,20,3,1,0.8,250,14,FALSE,"No","Central",FALSE,FALSE,-93.8313,58.71955,"2016-10-22","2017-05-22",2017,2017-03-20,"No","2016-07-10","2016-08-20","2017-06-15","2017-06-20",2,"2016-09-11","2017-06-10","2016-09-09","2017-06-10","2016-10-31","2017-04-28",NA,"","","","","","Central Region","Nonbreeding",119956.682054304,707230.832177802,"2016-09-10 11:15:43","2017-06-10 03:42:46",2,0,-66.7417845264435,3.61641006464387,"4105_016",2,"mover",7,"equinox affected","winter.nbr.movements"
"9","4105_016",294663.854639024,"2017-03-31 22:41:08","2017-04-28 10:11:11",-66.493861588607,-67.0282643524895,-65.9505171658812,0.981014789164659,-1.90834847375017,4.4448141857087,9,27.4792013888889,"Non-breeding period","","2740-81731",NA,"Setophaga","2016-06-22","","2017-06-22","","2016-06-22","2017-06-22","","SY","Adult",71,13,"Male","striata","harness",58.71955,-93.83599,NA,NA,"","","","Churchill, Manitoba","Breeding","","","Biotrack","?","MK-6","","","Deluca et al. 2019","No",120,NA,NA,"Both","Yes","No",92.9037859080173,92,0.118,1000,20,3,1,0.8,250,14,FALSE,"No","Central",FALSE,FALSE,-93.8313,58.71955,"2016-10-22","2017-05-22",2017,2017-03-20,"No","2016-07-10","2016-08-20","2017-06-15","2017-06-20",2,"2016-09-11","2017-06-10","2016-09-09","2017-06-10","2016-10-31","2017-04-28",NA,"","","","","","Central Region","Nonbreeding",119956.682054304,707230.832177802,"2016-09-10 11:15:43","2017-06-10 03:42:46",2,0,-66.7417845264435,3.61641006464387,"4105_016",2,"mover",8,"equinox free","winter.nbr.movements"
"10","4105_016",902217.935243673,"2017-04-29 22:33:21","2017-05-22 22:40:14",-65.8205943246896,-66.4520615959988,-65.2324855905516,9.0580256538167,7.63758307599207,10.2889702497652,10,23.0047800925926,"Non-breeding period","","2740-81731",NA,"Setophaga","2016-06-22","","2017-06-22","","2016-06-22","2017-06-22","","SY","Adult",71,13,"Male","striata","harness",58.71955,-93.83599,NA,NA,"","","","Churchill, Manitoba","Breeding","","","Biotrack","?","MK-6","","","Deluca et al. 2019","No",120,NA,NA,"Both","Yes","No",92.9037859080173,92,0.118,1000,20,3,1,0.8,250,14,FALSE,"No","Central",FALSE,FALSE,-93.8313,58.71955,"2016-10-22","2017-05-22",2017,2017-03-20,"No","2016-07-10","2016-08-20","2017-06-15","2017-06-20",2,"2016-09-11","2017-06-10","2016-09-09","2017-06-10","2016-10-31","2017-04-28",NA,"","","","","","Central Region","Nonbreeding",134069.47727961,295151.07008024,"2016-09-10 11:15:43","2017-06-10 03:42:46",3,0,-66.493861588607,0.981014789164659,"4105_016",2,"mover",8,"equinox free","winter.nbr.movements"
"11","4105_017",NA,"2016-11-15 22:28:51","2017-04-23 22:35:02",-64.7341580630623,-64.992755008935,-64.4601293389436,0.889333014767012,-0.0906176392352274,1.7624110957978,5,159.004293981481,"Non-breeding period","","2740-81712",NA,"Setophaga","2016-06-16","","2017-06-21","","2016-06-16","2017-06-21","","ASY","Adult",77,12.75,"Male","striata","harness",58.71087,-93.84027,NA,NA,"","","","Churchill, Manitoba","Breeding","","","Biotrack","?","MK-6","","","Deluca et al. 2019","No",120,NA,NA,"Both","Yes","No",93.15526598,94,0.09,1000,20,3,1,0.9,250,14,FALSE,"No","Central",FALSE,FALSE,-93.8313,58.71955,"2016-11-15","2017-04-23",2017,2017-03-20,"No","2016-07-05","2016-08-20","2017-06-10","2017-06-20",2,"2016-09-13","2017-05-31","2016-08-19 0:00","2017-06-06 0:00","2016-11-30 0:00","2017-03-22 0:00",NA,"","","","","","Central Region","Nonbreeding",59284.4760143486,206278.21520918,"2016-09-13 00:51:22","2017-05-31 03:13:19",1,0,NA,NA,NA,0,"nonmover",9,"equinox free","winter.nbr.movements"
"12","4210_002",NA,"2016-10-15 21:56:44","2017-04-28 22:31:04",-63.8720372107536,-64.0206705548745,-63.723564193326,-1.50518027591197,-2.24352608519277,-0.789837965982636,7,195.023842592593,"Non-breeding period","","2740-81732",NA,"Setophaga","2016-06-22","","2017-06-21","","2016-06-22","2017-06-21","","AHY","Adult",78,13.5,"Male","striata","harness",58.63169,-93.8201,NA,NA,"","","","Churchill, Manitoba","Breeding","","","Biotrack","?","MK-6","","","Deluca et al. 2019","No",120,NA,NA,"Both","Yes","No",92.71696,92.25,0.08,1000,20,3,1,0.9,250,14,FALSE,"No","Central",FALSE,FALSE,-93.8313,58.71955,"2016-10-15","2017-04-28",2017,2017-03-20,"No","2016-07-05","2016-08-20","2017-06-10","2017-06-20",0,"2016-09-06","2017-06-01","2016-09-06 0:00","2017-06-01 0:00","","",NA,"","","","","","Central Region","Nonbreeding",33062.316900784,161823.821202703,"2016-09-06 01:04:40","2017-06-01 03:33:37",1,0,NA,NA,NA,0,"nonmover",10,"equinox free","winter.nbr.movements"
"13","4210_004",NA,"2016-10-11 10:22:45.170154","2016-11-28 22:14:51.17233",-71.2960020764933,-71.6954442668476,-70.8519335366862,0.24044636833101,-1.60561524410105,1.64447944239155,7,48.4945139140774,"Non-breeding period","","2740-81716",NA,"Setophaga","2016-06-18","","2017-06-24","","2016-06-18","2017-06-24","","ASY","Adult",76,12.5,"Male","striata","harness",58.73192,-93.8277,NA,NA,"","","","Churchill, Manitoba","Breeding","","","Biotrack","?","MK-6","","","Deluca et al. 2019","No",120,NA,NA,"Both","Yes","No",92.52651409,91.75,0.1,1000,20,3,2,0.86,250,14,FALSE,"No ","Central",FALSE,TRUE,-93.8313,58.71955,"2016-10-11","2017-04-17",2017,2017-03-20,"No","2016-06-20","2016-09-05","2017-06-12","2017-06-21",0,"2016-09-08","2017-06-03","2016-09-08","2017-06-03","2016-10-30","2017-04-20",NA,"","","","","","Central Region","Nonbreeding",93898.3581035915,361798.885530281,"2016-09-10 11:11:29.952268","2017-06-03 03:48:27.479645",1,0,NA,NA,NA,0,"nonmover",11,"equinox free","fall.nbr.movement"
"14","A",NA,"2013-10-18 04:00:00","2014-03-07 10:51:09.405404",-70.4818928214659,-70.6083843829548,-70.3713675945367,10.7351726363137,10.2497313570124,11.1175670191876,9,140.285525525508,"Non-breeding period","","2110-80395",NA,"Setophaga","2013-06-13","0:30:00","2014-06-04","","2013-06-13","2014-06-04","2012-07-01","AHY","Adult",NA,11.2,"Male ","striata","harness",44.528354,-72.8165699,NA,NA,"captured and released on Mt Mansfield, VT","removal","none","Mount Mansfield, Vermont, USA","Breeding","Biotrack model MK-6 (~0.5 g including harness)","","Biotrack","0.5","MK-6","tag-retrieval","","Deluca et al. 2015","Yes ",120,NA,-4.01048079570135,"Both","Yes","Yes",93.0652857682246,92.25,0.125,1000,20,3,1,0.9,250,14,FALSE,"No","Eastern",TRUE,TRUE,-72.815699,44.528354,"2013-10-18","2014-05-06",2014,2014-03-20,"No","2013-07-01","2013-08-20","2014-05-30","2014-06-05",0,"2013-09-13","2014-05-26","2016-10-23",NA,"2016-09-02",NA,NA,"2013-10-13","2013-10-15","2013-10-17","2013-10-18","good","Eastern Region","Nonbreeding",25922.8212384197,96607.0240055863,"2013-09-13 10:14:58.600364","2014-05-26 00:41:31.733979",1,0,NA,NA,NA,2,"mover",12,"equinox affected","winter.nbr.movements"
"15","A",699911.839060097,"2014-03-08 22:58:02.638018","2014-04-08 10:23:21.701183",-70.1325604291176,-70.7457749060308,-69.4963414420998,4.45728975698641,0.397103821049091,9.64513782108587,10,30.4759150829194,"Non-breeding period","","2110-80395",NA,"Setophaga","2013-06-13","0:30:00","2014-06-04","","2013-06-13","2014-06-04","2012-07-01","AHY","Adult",NA,11.2,"Male ","striata","harness",44.528354,-72.8165699,NA,NA,"captured and released on Mt Mansfield, VT","removal","none","Mount Mansfield, Vermont, USA","Breeding","Biotrack model MK-6 (~0.5 g including harness)","","Biotrack","0.5","MK-6","tag-retrieval","","Deluca et al. 2015","Yes ",120,NA,-4.01048079570135,"Both","Yes","Yes",93.0652857682246,92.25,0.125,1000,20,3,1,0.9,250,14,FALSE,"No","Eastern",TRUE,TRUE,-72.815699,44.528354,"2013-10-18","2014-05-06",2014,2014-03-20,"No","2013-07-01","2013-08-20","2014-05-30","2014-06-05",0,"2013-09-13","2014-05-26","2016-10-23",NA,"2016-09-02",NA,NA,"2013-10-13","2013-10-15","2013-10-17","2013-10-18","good","Eastern Region","Nonbreeding",138665.619844992,1029486.43572298,"2013-09-13 10:14:58.600364","2014-05-26 00:41:31.733979",2,0,-70.4818928214659,10.7351726363137,"A",2,"mover",12,"equinox affected","winter.nbr.movements"
"16","A",699911.839060097,"2014-03-08 22:58:02.638018","2014-04-08 10:23:21.701183",-70.1325604291176,-70.7457749060308,-69.4963414420998,4.45728975698641,0.397103821049091,9.64513782108587,10,30.4759150829194,"Non-breeding period","","2110-80395",NA,"Setophaga","2013-06-13","0:30:00","2014-06-04","","2013-06-13","2014-06-04","2012-07-01","AHY","Adult",NA,11.2,"Male ","striata","harness",44.528354,-72.8165699,NA,NA,"captured and released on Mt Mansfield, VT","removal","none","Mount Mansfield, Vermont, USA","Breeding","Biotrack model MK-6 (~0.5 g including harness)","","Biotrack","0.5","MK-6","tag-retrieval","","Deluca et al. 2015","Yes ",120,NA,-4.01048079570135,"Both","Yes","Yes",93.0652857682246,92.25,0.125,1000,20,3,1,0.9,250,14,FALSE,"No","Eastern",TRUE,TRUE,-72.815699,44.528354,"2013-10-18","2014-05-06",2014,2014-03-20,"No","2013-07-01","2013-08-20","2014-05-30","2014-06-05",0,"2013-09-13","2014-05-26","2016-10-23",NA,"2016-09-02",NA,NA,"2013-10-13","2013-10-15","2013-10-17","2013-10-18","good","Eastern Region","Nonbreeding",138665.619844992,1029486.43572298,"2013-09-13 10:14:58.600364","2014-05-26 00:41:31.733979",2,0,-70.4818928214659,10.7351726363137,"A",2,"mover",13,"equinox free","winter.nbr.movements"
"17","A",278171.03575846,"2014-04-09 23:00:28.933797","2014-05-06 22:56:06.120861",-70.209289200725,-70.5944689634199,-69.8081446929845,6.95497624905455,5.87423623987201,8.53013398491167,11,26.9969581836048,"Non-breeding period","","2110-80395",NA,"Setophaga","2013-06-13","0:30:00","2014-06-04","","2013-06-13","2014-06-04","2012-07-01","AHY","Adult",NA,11.2,"Male ","striata","harness",44.528354,-72.8165699,NA,NA,"captured and released on Mt Mansfield, VT","removal","none","Mount Mansfield, Vermont, USA","Breeding","Biotrack model MK-6 (~0.5 g including harness)","","Biotrack","0.5","MK-6","tag-retrieval","","Deluca et al. 2015","Yes ",120,NA,-4.01048079570135,"Both","Yes","Yes",93.0652857682246,92.25,0.125,1000,20,3,1,0.9,250,14,FALSE,"No","Eastern",TRUE,TRUE,-72.815699,44.528354,"2013-10-18","2014-05-06",2014,2014-03-20,"No","2013-07-01","2013-08-20","2014-05-30","2014-06-05",0,"2013-09-13","2014-05-26","2016-10-23",NA,"2016-09-02",NA,NA,"2013-10-13","2013-10-15","2013-10-17","2013-10-18","good","Eastern Region","Nonbreeding",86889.1039786073,295653.184576818,"2013-09-13 10:14:58.600364","2014-05-26 00:41:31.733979",3,0,-70.1325604291176,4.45728975698641,"A",2,"mover",13,"equinox free","winter.nbr.movements"
"18","B",NA,"2013-10-24 04:00:00","2014-04-19 10:26:30",-71.4820676696267,-71.6462290720232,-71.3175852953029,7.12985253822285,6.37593178457263,7.81430511973526,7,177.268402777778,"Non-breeding period","","2490-89933",NA,"Setophaga","2013-06-18","4:45:00","2014-06-17","","2013-06-18","2014-06-17","2012-07-01","AHY","Adult",NA,12.8,"Female ","striata","harness",44.528354,-72.815699,NA,NA,"captured and released on Mt Mansfield, VT","removal","none","Mount Mansfield, Vermont, USA","Breeding","Biotrack model MK-6 (~0.5 g including harness)","","Biotrack","0.5","MK-6","tag-retrieval","","Deluca et al. 2015","No ",120,NA,NA,"Both","Yes","No",92.5251221080288,92.5,0.16,1000,20,3,1,0.9,250,14,FALSE,"","Eastern",TRUE,FALSE,-72.815699,44.528354,"2013-10-24","2014-04-19",2014,2014-03-20,"No","2013-07-01","2013-08-20","2014-05-25","2014-06-10",0,"2013-09-03",NA,"","","","",NA,"2013-09-01","2013-11-01","2013-10-23","2013-10-24","good","Eastern Region","Nonbreeding",36301.5642675718,160118.987240926,"2013-09-19 22:59:52","2014-05-11 00:17:12",1,0,NA,NA,NA,0,"nonmover",14,"equinox free","winter.nbr.movements"
"19","E",NA,"2013-11-10 11:04:24.645777","2014-02-26 22:56:14.111755",-72.2811705772609,-72.507148494565,-72.0574186476183,11.1063396771843,10.4564033537484,11.645891750218,9,108.494322522895,"Non-breeding period","","2540-59026",NA,"Setophaga","2013-06-18","0:50:00","2014-07-08","","2013-06-18","2014-07-08","2012-07-01","Adult","Adult",NA,11,"Male ","striata","harness",44.528359,-72.815699,NA,NA,"captured and released on Mt Mansfield, VT","removal","none","Mount Mansfield, Vermont, USA","Breeding","Biotrack model MK-6 (0.6 g including harness) geolocators","","Biotrack","0.6","MK-6","tag-retrieval","","Deluca et al. 2015","No ",120,NA,NA,"Both","Yes","No ",93.38441885,91.5,0.255,1000,20,3,1,0.89,250,14,FALSE,"No ","Eastern",FALSE,FALSE,-72.815699,44.528354,"2013-11-10","2014-04-28",2014,2014-03-20,"No","2013-07-01","2013-08-20","2014-05-25","2014-06-10",0,NA,"2014-05-14","","","","",NA,"","","","","","Eastern Region","Nonbreeding",49126.067696553,132413.242599501,"2013-10-18 22:03:11.493846","2014-05-14 00:38:08.691611",1,0,NA,NA,NA,0,"nonmover",15,"equinox free","winter.nbr.movements"
"20","V7638_001",NA,"2018-11-03 09:52:49.336562","2019-04-27 10:02:24.751165",-62.3909123484104,-62.3960106031706,-62.3844739297177,3.40912474599288,3.38110687047818,3.43452448856477,11,175.006659891238,"Non-breeding period","","1780-53957",NA,"Setophaga","2018-06-12","","2019-07-08","","","","","AHY","Adult",NA,NA,"Male","Striata","",63.72697,-149.4133,63.72709,-149.41327,"","","","Denali, Alaska","Breeding","","","Biotrack","","MK-6040","","","Unpublished","No",120,NA,NA,"Both","Yes","No",90.47625391,91.25,0.14,1000,20,3,1,0.71,250,14,FALSE,"No","Western",FALSE,TRUE,-149.416795,63.722625,"2018-11-03","2019-04-27",2019,2019-03-19,"Yes","2018-07-25","2018-08-25",NA,NA,0,"2018-09-01","2019-05-22","","","","",NA,"","","","","","Northwestern Region","Nonbreeding",1281.98395558967,5946.42204478886,"2018-08-31 15:11:51.360836","2019-05-22 07:34:37.84921",1,0,NA,NA,NA,0,"nonmover",16,"equinox free","winter.nbr.movements"
"21","V7638_005",NA,"2018-11-10 22:21:05","2019-03-21 10:41:29.068965",-65.5540904282502,-66.2192352261636,-64.8513902715744,2.98115406740111,0.902033948176321,5.05456031717505,10,130.514167464872,"Non-breeding period","","1760-53518",NA,"Setophaga","2018-06-14","","2019-07-08","","","","","AHY","Adult",NA,NA,"Male","Striata","",63.72635,-149.41446,63.72527,-149.41557,"","","","Denali, Alaska","Breeding","","","Biotrack","","MK-6040","","","Unpublished","No",120,NA,NA,"Both","Yes","No",90.69946741,92,0.16,1000,20,3,1,0.63,250,14,FALSE,"No","Western",FALSE,FALSE,-149.416795,63.722625,"2018-11-10","2019-04-20",2019,2019-03-19,"Yes","2018-07-25","2018-08-20",NA,NA,4,"2018-08-22","2019-05-22","","","","",NA,"","","","","","Northwestern Region","Nonbreeding",152061.729321053,462257.120902579,"2018-08-25 14:36:20","2019-06-10 08:40:18",1,0,NA,NA,NA,1,"mover",17,"equinox affected","winter.nbr.movements"
"22","V7638_005",424753.564443805,"2019-03-22 22:40:41","2019-04-20 22:29:14.428571",-65.2395728806953,-66.7906204052652,-63.730473448617,6.78389457655726,-0.554003554202377,10.0494135753665,11,28.9920535714234,"Non-breeding period","","1760-53518",NA,"Setophaga","2018-06-14","","2019-07-08","","","","","AHY","Adult",NA,NA,"Male","Striata","",63.72635,-149.41446,63.72527,-149.41557,"","","","Denali, Alaska","Breeding","","","Biotrack","","MK-6040","","","Unpublished","No",120,NA,NA,"Both","Yes","No",90.69946741,92,0.16,1000,20,3,1,0.63,250,14,FALSE,"No","Western",FALSE,FALSE,-149.416795,63.722625,"2018-11-10","2019-04-20",2019,2019-03-19,"Yes","2018-07-25","2018-08-20",NA,NA,4,"2018-08-22","2019-05-22","","","","",NA,"","","","","","Northwestern Region","Nonbreeding",338268.43643688,1180366.99553229,"2018-08-25 14:36:20","2019-06-10 08:40:18",2,0,-65.5540904282502,2.98115406740111,"V7638_005",1,"mover",17,"equinox affected","winter.nbr.movements"
"23","V7638_009",NA,"2018-10-27 10:03:18.439452","2019-04-26 22:43:59.85118",-66.6418605938876,-66.9107958582454,-66.4261957739213,5.57913708637616,4.59769760442406,6.36830610875005,8,181.528257080184,"Non-breeding period","","1760-53502",NA,"Setophaga","2018-07-07","","2019-07-10","","","","","AHY","Adult",NA,NA,"Male","Striata","",63.72141,-149.42673,63.72145,-149.4257,"","","","Denali, Alaska","Breeding","","","Biotrack","","MK-6040","","","Unpublished","No",120,NA,NA,"Both","Yes","No",90.76873855,92.75,0.12,1000,20,3,1,0.7,250,14,FALSE,"No","Western",FALSE,FALSE,-149.416795,63.722625,"2018-10-27","2019-04-26",2019,2019-03-19,"Yes","2018-07-25","2018-08-22",NA,NA,2.5,"2018-08-23","2019-05-23","","","","",NA,"","","","","","Northwestern Region","Nonbreeding",53689.8863886342,197103.237095808,"2018-08-27 14:13:51.202226","2019-05-22 07:50:42.242522",1,0,NA,NA,NA,0,"nonmover",18,"equinox free","winter.nbr.movements"
"24","V7638_010",NA,"2018-10-26 22:24:08.446694","2019-02-26 10:10:28.504876",-63.0143903174278,-63.8357801747898,-62.2377507275348,8.04617275589167,5.68358014794258,10.0123703456918,9,122.490509932659,"Non-breeding period","","2850-21906",NA,"Setophaga","2018-07-03","","2019-07-08","","","","","AHY","Adult",NA,NA,"Male","Striata","",63.717,-149.40282,63.72733,-149.41238,"","","","Denali, Alaska","Breeding","","","Biotrack","","MK-6040","","","Unpublished","No",120,NA,NA,"South and partial North","Yes","No",91.59768667,93.5,0.13,1000,20,3,1,0.83,250,14,TRUE,"No","Western",FALSE,TRUE,-149.416795,63.722625,"2018-10-26","2019-04-27",2019,2019-03-19,"No","2018-07-25","2018-08-24",NA,NA,4,"2018-08-26",NA,"","","","",NA,"","","","","","Northwestern Region","Nonbreeding",176140.47282455,481878.720564356,"2018-08-26 13:47:50.492703",NA,1,0,NA,NA,NA,1,"mover",19,"equinox free","winter.nbr.movements"
"25","V7638_010",509121.874762949,"2019-02-27 22:37:16.268562","2019-04-27 22:30:44.473552",-62.8222654750228,-64.0561589392005,-61.6199397222093,3.47664743488934,-2.79928738124784,9.22933253080981,10,58.9954653355341,"Non-breeding period","","2850-21906",NA,"Setophaga","2018-07-03","","2019-07-08","","","","","AHY","Adult",NA,NA,"Male","Striata","",63.717,-149.40282,63.72733,-149.41238,"","","","Denali, Alaska","Breeding","","","Biotrack","","MK-6040","","","Unpublished","No",120,NA,NA,"South and partial North","Yes","No",91.59768667,93.5,0.13,1000,20,3,1,0.83,250,14,TRUE,"No","Western",FALSE,TRUE,-149.416795,63.722625,"2018-10-26","2019-04-27",2019,2019-03-19,"No","2018-07-25","2018-08-24",NA,NA,4,"2018-08-26",NA,"","","","",NA,"","","","","","Northwestern Region","Nonbreeding",270699.492993128,1339019.84355609,"2018-08-26 13:47:50.492703",NA,2,0,-63.0143903174278,8.04617275589167,"V7638_010",1,"mover",19,"equinox free","winter.nbr.movements"
"26","V7638_011",NA,"2018-10-11 22:24:49.411765","2018-10-26 22:20:40",-68.0544650890626,-69.8235355609943,-66.3096971800349,7.08765561646412,-0.184001863431735,10.7301380748522,9,14.9971132897558,"Non-breeding period","","1760-53590",NA,"Setophaga","2018-07-12","","2019-07-08","","","","","AHY","Adult",NA,NA,"Male","Striata","",63.72384,-149.41913,63.72527,-149.41557,"","","","Denali, Alaska","Breeding","","","Biotrack","","MK-6040","","","Unpublished","No",120,NA,NA,"Both","Yes","No",91.35702502,92.75,0.08,1000,20,3,1,0.86,250,14,FALSE,"No","Western",FALSE,FALSE,-149.416795,63.722625,"2018-10-11","2019-04-26",2019,2019-03-19,"Yes","2018-07-25","2018-08-25",NA,NA,3.5,"2018-08-22","2019-05-22","","","","",NA,"","","","","","Northwestern Region","Nonbreeding",388168.751151896,1214956.5003763,"2018-08-21 13:51:22.5","2019-05-21 07:06:00",1,0,NA,NA,NA,1,"mover",20,"equinox free","fall.nbr.movement"
"27","V7638_011",1370314.31943627,"2018-10-28 10:08:00","2019-04-26 09:47:36",-59.3057986455227,-59.7590997209579,-58.9183310762484,-1.59071162446294,-2.80060841912271,0.032166027575631,10,179.985833333333,"Non-breeding period","","1760-53590",NA,"Setophaga","2018-07-12","","2019-07-08","","","","","AHY","Adult",NA,NA,"Male","Striata","",63.72384,-149.41913,63.72527,-149.41557,"","","","Denali, Alaska","Breeding","","","Biotrack","","MK-6040","","","Unpublished","No",120,NA,NA,"Both","Yes","No",91.35702502,92.75,0.08,1000,20,3,1,0.86,250,14,FALSE,"No","Western",FALSE,FALSE,-149.416795,63.722625,"2018-10-11","2019-04-26",2019,2019-03-19,"Yes","2018-07-25","2018-08-25",NA,NA,3.5,"2018-08-22","2019-05-22","","","","",NA,"","","","","","Northwestern Region","Nonbreeding",93557.8683078436,315343.008938657,"2018-08-21 13:51:22.5","2019-05-21 07:06:00",2,0,-68.0544650890626,7.08765561646412,"V7638_011",1,"mover",20,"equinox free","fall.nbr.movement"
"28","V8296_004",NA,"2019-10-04 10:16:46","2020-02-15 22:58:16",-67.9176145932743,-68.1133371312727,-67.742155627665,5.14749633186876,4.56554461385694,5.68916764341699,8,134.528819444444,"Non-breeding period","","2920-25333",NA,"Setophaga","2019-07-10","7:00","?","","2019-07-10","","","SY","Adult",71,12,"Male","striata","harness",47.38248,-71.08315,NA,NA,"","","","Quebec","Breeding","","","Lotek","?","ML-6740","","","Unpublished","No ",120,NA,59.21956088,"Both","Yes","Yes",92.84767818,93.75,0.15,1000,20,3,1,0.9,250,14,FALSE,"","Eastern",FALSE,FALSE,-71.08716,47.38339,"2019-10-04","2020-04-18",2020,2020-03-19,"No","2019-07-17","2019-09-10",NA,NA,0,"2019-09-10","2020-05-27","","","","",NA,"","","","","","Eastern Region","Nonbreeding",41153.0942507563,125081.143494221,"2019-09-20 22:57:26","2020-05-26 00:50:16",1,0,NA,NA,NA,1,"mover",21,"equinox free","winter.nbr.movements"
"29","V8296_004",1355994.09504829,"2020-02-18 22:59:34","2020-04-18 10:45:16",-75.2827696790162,-75.2900364701532,-75.2736783062208,-4.56152373415556,-4.57437044744998,-4.5090257620358,9,59.4900694444444,"Non-breeding period","","2920-25333",NA,"Setophaga","2019-07-10","7:00","?","","2019-07-10","","","SY","Adult",71,12,"Male","striata","harness",47.38248,-71.08315,NA,NA,"","","","Quebec","Breeding","","","Lotek","?","ML-6740","","","Unpublished","No ",120,NA,59.21956088,"Both","Yes","Yes",92.84767818,93.75,0.15,1000,20,3,1,0.9,250,14,FALSE,"","Eastern",FALSE,FALSE,-71.08716,47.38339,"2019-10-04","2020-04-18",2020,2020-03-19,"No","2019-07-17","2019-09-10",NA,NA,0,"2019-09-10","2020-05-27","","","","",NA,"","","","","","Eastern Region","Nonbreeding",1815.21453595469,7274.13710635355,"2019-09-20 22:57:26","2020-05-26 00:50:16",2,0,-67.9176145932743,5.14749633186876,"V8296_004",1,"mover",21,"equinox free","winter.nbr.movements"
"30","V8296_005",NA,"2019-10-09 04:00:00","2020-03-14 10:52:02",-70.8730578278812,-70.9579748988195,-70.8070442176275,0.77348508142151,0.128778284542854,1.62356611346672,5,157.286134259259,"Non-breeding period","","2920-25307",NA,"Setophaga","2019-06-18","6:45","?","","2019-06-18","","","SY","Adult",72,11.4,"Male","striata","harness",47.38323,-71.09479,NA,NA,"","","","Quebec","Breeding","","","Lotek","?","ML-6740","","","Unpublished","Yes ",120,NA,55.95313996,"Both","Yes","Yes",93.33852757,93,0.085,1000,20,3,1,0.8,250,14,FALSE,"Yes","Eastern",TRUE,FALSE,-71.08716,47.38339,"2019-10-11","2020-04-01",2020,2020-03-19,"No","2019-07-01","2019-08-20",NA,NA,0,"2019-09-09","2020-05-27","","","","",NA,"2019-09-28","2019-10-01","2019-10-08","2019-10-09","good","Eastern Region","Nonbreeding",16799.9955900667,166399.019959788,"2019-09-06 23:30:32","2020-05-27 08:51:32",1,0,NA,NA,NA,1,"mover",22,"equinox affected","winter.nbr.movements"
"31","V8296_005",802519.832419857,"2020-03-15 23:10:54","2020-04-21 10:23:47",-72.1742131116127,-72.4650283171533,-71.8923886932892,7.86508211743692,5.99740802934479,9.81820777239669,6,36.4672800925926,"Non-breeding period","","2920-25307",NA,"Setophaga","2019-06-18","6:45","?","","2019-06-18","","","SY","Adult",72,11.4,"Male","striata","harness",47.38323,-71.09479,NA,NA,"","","","Quebec","Breeding","","","Lotek","?","ML-6740","","","Unpublished","Yes ",120,NA,55.95313996,"Both","Yes","Yes",93.33852757,93,0.085,1000,20,3,1,0.8,250,14,FALSE,"Yes","Eastern",TRUE,FALSE,-71.08716,47.38339,"2019-10-11","2020-04-01",2020,2020-03-19,"No","2019-07-01","2019-08-20",NA,NA,0,"2019-09-09","2020-05-27","","","","",NA,"2019-09-28","2019-10-01","2019-10-08","2019-10-09","good","Eastern Region","Nonbreeding",63146.2909537352,425329.481819608,"2019-09-06 23:30:32","2020-05-27 08:51:32",2,0,-70.8730578278812,0.77348508142151,"V8296_005",1,"mover",22,"equinox affected","winter.nbr.movements"
"32","V8296_006",NA,"2019-10-13 22:37:27","2019-11-18 10:25:47",-69.8694742476962,-70.2157287865557,-69.5194411543471,9.02631245248673,7.49537312902576,10.3902911348531,8,35.4918981481481,"Non-breeding period","","2920-25329",NA,"Setophaga","2019-07-09","8:20","?","","2019-07-09","","","AHY","Adult",73,13.1,"Male","striata","harness",47.38599,-71.08172,NA,NA,"","","","Quebec","Breeding","","","Lotek","?","ML-6740","","","Unpublished","No",120,NA,NA,"Both","Yes","Yes",92.40639789,93,0.1,1000,20,3,1,0.92,250,14,FALSE,"Yes ","Eastern",FALSE,FALSE,-71.08716,47.38339,"2019-10-13","2020-05-04",2020,2020-03-19,"No","2019-07-17","2019-09-10",NA,NA,0,"2019-09-21","2020-05-28","","","","",NA,"","","","","","Eastern Region","Nonbreeding",76550.5151318016,322260.798296977,"2019-09-27 10:35:12","2020-05-28 00:40:57",1,0,NA,NA,NA,1,"mover",23,"equinox free","fall.nbr.movement"
"33","V8296_006",288272.863232542,"2020-04-02 22:59:36","2020-05-04 23:00:12",-69.7598908076961,-70.1874870505355,-69.3646042199021,10.3283364059901,8.7324261741244,11.4410860925066,10,32.0004166666667,"Non-breeding period","","2920-25329",NA,"Setophaga","2019-07-09","8:20","?","","2019-07-09","","","AHY","Adult",73,13.1,"Male","striata","harness",47.38599,-71.08172,NA,NA,"","","","Quebec","Breeding","","","Lotek","?","ML-6740","","","Unpublished","No",120,NA,NA,"Both","Yes","Yes",92.40639789,93,0.1,1000,20,3,1,0.92,250,14,FALSE,"Yes ","Eastern",FALSE,FALSE,-71.08716,47.38339,"2019-10-13","2020-05-04",2020,2020-03-19,"No","2019-07-17","2019-09-10",NA,NA,0,"2019-09-21","2020-05-28","","","","",NA,"","","","","","Eastern Region","Nonbreeding",90118.5841897388,301526.642846459,"2019-09-27 10:35:12","2020-05-28 00:40:57",3,0,-70.1319618574833,7.76493358058736,"V8296_006",1,"mover",23,"equinox free","fall.nbr.movement"
"34","V8296_007",NA,"2019-10-12 10:05:36","2020-04-11 10:12:51",-67.3165702040651,-67.4261412369136,-67.2099627650575,3.05516334583946,2.47063403659916,3.61407089689373,7,182.005034722222,"Non-breeding period","","2920-25318",NA,"Setophaga","2019-06-20","5:35","?","","2019-06-20","","","AHY","Adult",73,12.1,"Male","striata","harness",47.38746,-71.0869,NA,NA,"","","","Quebec","Breeding","","","Lotek","?","ML-6740","","","Unpublished","No",120,NA,54.3868677,"South and partial North","Yes","Yes",92.90782594,93.25,0.15,1000,20,3,2,0.9,250,14,FALSE,"","Eastern",FALSE,FALSE,-71.08716,47.38339,"2019-10-12","2020-04-30",2020,2020-03-19,"No","2019-07-10","2019-09-10",NA,NA,0,NA,NA,"","","","",NA,"","","","","","Eastern Region","Nonbreeding",24030.6735670218,127286.809042251,"2019-08-26 09:43:36",NA,1,0,NA,NA,NA,1,"mover",24,"equinox free","winter.nbr.movements"
"35","V8296_007",898330.40810688,"2020-04-12 22:48:29","2020-04-30 23:02:21",-68.3803083902089,-68.5278911573048,-68.1386275279301,11.0557717882417,10.4660478357535,11.2144742954966,8,18.0096296296296,"Non-breeding period","","2920-25318",NA,"Setophaga","2019-06-20","5:35","?","","2019-06-20","","","AHY","Adult",73,12.1,"Male","striata","harness",47.38746,-71.0869,NA,NA,"","","","Quebec","Breeding","","","Lotek","?","ML-6740","","","Unpublished","No",120,NA,54.3868677,"South and partial North","Yes","Yes",92.90782594,93.25,0.15,1000,20,3,2,0.9,250,14,FALSE,"","Eastern",FALSE,FALSE,-71.08716,47.38339,"2019-10-12","2020-04-30",2020,2020-03-19,"No","2019-07-10","2019-09-10",NA,NA,0,NA,NA,"","","","",NA,"","","","","","Eastern Region","Nonbreeding",42528.4150736171,83314.4523948182,"2019-08-26 09:43:36",NA,2,0,-67.3165702040651,3.05516334583946,"V8296_007",1,"mover",24,"equinox free","winter.nbr.movements"
"36","V8296_008",NA,"2019-10-07 10:30:17","2019-11-20 22:39:02",-72.1916788955358,-72.5219231711538,-71.868306783982,4.22418298995821,2.97912271193925,5.35610081801979,6,44.5060763888889,"Non-breeding period","","2920-25324",NA,"Setophaga","2019-06-21","7:45","?","","2019-06-21","","","AHY","Adult",72,12.2,"Male","striata","harness",47.3895,-71.08481,NA,NA,"","","","Quebec","Breeding","","","Lotek","?","ML-6740","","","Unpublished","No",120,NA,55.21313448,"South and partial North","Yes","Yes",93.14868707,93,0.1,1000,20,3,1,0.9,250,14,FALSE,"Yes ","Eastern",FALSE,FALSE,-71.08716,47.38339,"2019-10-07","2020-04-11",2020,2020-03-19,"No","2019-07-01","2019-09-15",NA,NA,0,"2019-08-05",NA,"","","","",NA,"","","","","","Eastern Region","Nonbreeding",72562.586351225,264603.992395646,"2019-09-20 23:13:02",NA,1,0,NA,NA,NA,0,"nonmover",25,"equinox free","fall.nbr.movement"
"37","V8296_017",NA,"2019-10-12 04:00:00","2020-03-29 10:31:50",-71.3001666420451,-71.3729673539663,-71.2547154603411,6.49787758140184,6.03783137356761,6.93060137032837,7,169.272106481481,"Non-breeding period","","2920-25338",NA,"Setophaga","2019-07-11","5:50","2020-05-27","","2019-07-11","","","ASY","Adult",72,10.9,"Male","striata","harness",47.38355,-71.08777,NA,NA,"","","","Quebec","Breeding","","","Lotek","?","ML-6740","","","Unpublished","No",120,NA,59.494421128432,"Both","Yes","Yes",92.5417575980854,93.25,0.1,1000,20,3,1,0.92,250,14,FALSE,"","Eastern",TRUE,FALSE,-71.08716,47.38339,"2019-10-12","2020-05-03",2020,2020-03-19,"No","2019-07-17","2019-09-29",NA,NA,0,NA,NA,"","","","",NA,"2019-10-05","2019-10-07","2019-10-11","2019-10-12","good ","Eastern Region","Nonbreeding",13079.1773216249,99382.7014349201,"2019-09-13 23:13:00","2020-05-26 00:20:00",1,0,NA,NA,NA,0,"nonmover",26,"equinox affected","winter.nbr.movements"
"38","V8296_026",NA,"2019-10-02 10:21:22","2020-04-18 10:41:07",-72.739560697702,-72.7522234725716,-72.734077567382,2.53132030748795,2.41702465296162,2.5896254334054,9,199.013715277778,"Non-breeding period","","2920-25334",NA,"Setophaga","2019-07-10","7:20","?","","2019-07-10","","","ASY","Adult",75,13.4,"Male","striata","harness",47.3811,-71.08306,NA,NA,"","","","Quebec","Breeding","","","Lotek","?","ML-6740","","","Unpublished","No",120,NA,55.38074997,"Both","Yes","Yes",91.87504221,93,0.12,1000,20,3,1,0.9,250,14,FALSE,"","Eastern",FALSE,FALSE,-71.08716,47.38339,"2019-10-02","2020-05-07",2020,2020-03-19,"No","2019-07-20","2019-09-15",NA,NA,0,NA,"2020-05-26","","","","",NA,"","","","","","Eastern Region","Nonbreeding",2018.02187335737,19213.8309895236,"2019-09-19 22:59:07","2020-05-26 00:45:07",1,0,NA,NA,NA,1,"mover",27,"equinox free","winter.nbr.movements"
"39","V8296_026",731975.247747466,"2020-04-19 23:09:37","2020-05-07 23:01:07",-71.3039290914192,-71.8797484442233,-70.8957366104912,8.94990789892403,7.87625616920806,10.8797595028837,10,17.9940972222222,"Non-breeding period","","2920-25334",NA,"Setophaga","2019-07-10","7:20","?","","2019-07-10","","","ASY","Adult",75,13.4,"Male","striata","harness",47.3811,-71.08306,NA,NA,"","","","Quebec","Breeding","","","Lotek","?","ML-6740","","","Unpublished","No",120,NA,55.38074997,"Both","Yes","Yes",91.87504221,93,0.12,1000,20,3,1,0.9,250,14,FALSE,"","Eastern",FALSE,FALSE,-71.08716,47.38339,"2019-10-02","2020-05-07",2020,2020-03-19,"No","2019-07-20","2019-09-15",NA,NA,0,NA,"2020-05-26","","","","",NA,"","","","","","Eastern Region","Nonbreeding",108205.988635675,334348.461700674,"2019-09-19 22:59:07","2020-05-26 00:45:07",2,0,-72.739560697702,2.53132030748795,"V8296_026",1,"mover",27,"equinox free","winter.nbr.movements"
"40","V8757_010",NA,"2019-11-11 21:42:39","2019-12-31 21:54:34",-54.7807864832288,-55.2925685677829,-54.3011975589331,4.66910972577234,4.42147729740549,5.29005450913097,10,50.008275462963,"Non-breeding period","","2920-25502",NA,"Setophaga","2019-06-16","15:30:00","","","2019-07-16","","","SY","Adult",77,12.3,"Male","striata","",58.16343635,-129.8574554,NA,NA,"","","","British Columbia, Highway 37","Breeding","","","Lotek","","ML-6740","","","Unpublished","Yes ",120,NA,4.301423501,"Both","Yes","Yes",93.95811619,94,0.1,1000,20,3,12,0.84,100,14,FALSE,"No","Western",FALSE,FALSE,-129.8574554,58.16343635,"2019-11-11","2020-04-21",2020,2020-03-19,"No","2019-06-25","2019-08-15",NA,NA,1,"2019-08-30","2020-05-28","","","","",NA,"","","","","","Western Region","Nonbreeding",109992.671694335,96689.5729239223,"2019-08-30 13:13:14","2020-05-28 06:15:54",1,0,NA,NA,NA,1,"mover",28,"equinox free","fall.nbr.movement"
"41","V8757_010",565004.165746938,"2020-01-02 09:27:54","2020-04-21 09:21:54",-54.3749923347584,-54.7315586579196,-54.0177475323623,-0.390194452311765,-2.09728029302209,1.24448326956972,11,109.995833333333,"Non-breeding period","","2920-25502",NA,"Setophaga","2019-06-16","15:30:00","","","2019-07-16","","","SY","Adult",77,12.3,"Male","striata","",58.16343635,-129.8574554,NA,NA,"","","","British Columbia, Highway 37","Breeding","","","Lotek","","ML-6740","","","Unpublished","Yes ",120,NA,4.301423501,"Both","Yes","Yes",93.95811619,94,0.1,1000,20,3,12,0.84,100,14,FALSE,"No","Western",FALSE,FALSE,-129.8574554,58.16343635,"2019-11-11","2020-04-21",2020,2020-03-19,"No","2019-06-25","2019-08-15",NA,NA,1,"2019-08-30","2020-05-28","","","","",NA,"","","","","","Western Region","Nonbreeding",79459.2483588662,372003.418139236,"2019-08-30 13:13:14","2020-05-28 06:15:54",2,0,-54.7807864832288,4.66910972577234,"V8757_010",1,"mover",28,"equinox free","fall.nbr.movement"
"42","V8757_018",NA,"2019-10-06 21:55:57","2020-04-26 10:34:09",-70.3128946848916,-70.5516218055013,-70.099079027177,11.1582205600169,10.7597487850208,11.3288206704213,7,202.526527777778,"Non-breeding period","","2920-25337",NA,"Setophaga","2019-07-11","5:40","?","","2019-07-11","2020-06-03","","AHY","Adult",74,12.1,"Male","striata","harness",47.38517,-71.08742,NA,NA,"","","","Quebec","Breeding","","","Lotek","?","ML-6740","","","Unpublished","No",120,NA,56.71374323,"Both","Yes","Yes",92.21088445,90.75,0.05,1000,20,3,1,0.92,250,14,FALSE,"","Eastern",TRUE,FALSE,-71.08716,47.38339,"2019-10-06","2020-04-26",2020,2020-03-19,"No","2019-07-15","2019-08-30","2020-06-01","2020-06-15",0,"2019-09-14","2020-05-22","","","","",NA,"2019-09-26","2019-09-28","2019-10-02","2019-10-03","good","Eastern Region","Nonbreeding",49424.5298102223,63348.7925075496,"2019-09-14 10:10:45","2020-05-22 00:40:30",1,0,NA,NA,NA,0,"nonmover",29,"equinox free","winter.nbr.movements"
"43","V8757_019",NA,"2019-10-19 10:17:08.5457","2020-03-08 10:21:16.637805",-64.3415700919251,-64.3564845213822,-64.3347640917781,3.79012637533815,3.7516018667174,3.80985276762254,8,141.002871436399,"Non-breeding period","","2920-25510",NA,"Setophaga","2019-06-21","SY","","","2019-07-10","2020-06-20","","ASY","Adult",74,13.2,"Male","striata","",58.16343635,-129.8574554,NA,NA,"","","","British Columbia, Highway 37","Breeding","","","Lotek","","ML-6740","","","Unpublished","No",120,NA,3.998503387,"Both","Yes","Yes",91.58895908,92.75,0.12,1000,20,3,1,0.83,250,14,FALSE,"","Western",FALSE,FALSE,-129.8574554,58.16343635,"2019-10-19","2020-04-27",2020,2020-03-19,"No","2019-07-15","2019-08-28",NA,NA,0,"2019-09-01","2020-06-06","","","","",NA,"","","","","","Western Region","Nonbreeding",2412.61889632577,6484.46062700948,"2019-09-01 13:16:35.387805","2020-06-09 05:46:05.387805",1,0,NA,NA,NA,0,"nonmover",30,"equinox affected","winter.nbr.movements"
"44","V8757_029",NA,"2019-10-26 22:28:11","2020-01-07 10:23:56",-67.2229569391358,-67.8006933226662,-66.6049734569562,3.271422109701,1.48830774364713,4.76757776804765,10,72.4970486111111,"Non-breeding period","","2920-25508",NA,"Setophaga","2019-06-29","","","","2019-06-21","2020-06-09","","SY","Adult",72,12.5,"Male","striata","",58.16343635,-129.8574554,NA,NA,"","","","British Columbia, Highway 37","Breeding","","","Lotek","","ML-6740","","","Unpublished","Yes ",120,NA,3.985505043,"Both","Yes","Yes",91.66857607,93.25,0.15,1000,20,3,1,0.76,250,14,FALSE,"No","Western",FALSE,FALSE,-129.8574554,58.16343635,"2019-10-26","2020-04-24",2020,2020-03-19,"No","2019-06-28","2019-08-15","2020-06-10","2020-06-15",1,"2019-09-01","2020-06-01","","","","",NA,"","","","","","Western Region","Nonbreeding",132890.008228869,365046.669289911,"2019-09-01 13:21:49","2020-06-01 06:11:21",1,0,NA,NA,NA,3,"mover",31,"equinox free","winter.nbr.movements"
"45","V8757_029",300242.706956325,"2020-01-08 22:49:11","2020-03-18 10:25:11",-67.4482344323676,-68.0230854241608,-66.8361767968342,0.583708185915112,-1.78971389145411,2.83974115871453,11,69.4833333333333,"Non-breeding period","","2920-25508",NA,"Setophaga","2019-06-29","","","","2019-06-21","2020-06-09","","SY","Adult",72,12.5,"Male","striata","",58.16343635,-129.8574554,NA,NA,"","","","British Columbia, Highway 37","Breeding","","","Lotek","","ML-6740","","","Unpublished","Yes ",120,NA,3.985505043,"Both","Yes","Yes",91.66857607,93.25,0.15,1000,20,3,1,0.76,250,14,FALSE,"No","Western",FALSE,FALSE,-129.8574554,58.16343635,"2019-10-26","2020-04-24",2020,2020-03-19,"No","2019-06-28","2019-08-15","2020-06-10","2020-06-15",1,"2019-09-01","2020-06-01","","","","",NA,"","","","","","Western Region","Nonbreeding",132119.207289551,515348.578835123,"2019-09-01 13:21:49","2020-06-01 06:11:21",2,0,-67.2229569391358,3.271422109701,"V8757_029",3,"mover",31,"equinox free","winter.nbr.movements"
"46","V8757_029",300242.706956325,"2020-01-08 22:49:11","2020-03-18 10:25:11",-67.4482344323676,-68.0230854241608,-66.8361767968342,0.583708185915112,-1.78971389145411,2.83974115871453,11,69.4833333333333,"Non-breeding period","","2920-25508",NA,"Setophaga","2019-06-29","","","","2019-06-21","2020-06-09","","SY","Adult",72,12.5,"Male","striata","",58.16343635,-129.8574554,NA,NA,"","","","British Columbia, Highway 37","Breeding","","","Lotek","","ML-6740","","","Unpublished","Yes ",120,NA,3.985505043,"Both","Yes","Yes",91.66857607,93.25,0.15,1000,20,3,1,0.76,250,14,FALSE,"No","Western",FALSE,FALSE,-129.8574554,58.16343635,"2019-10-26","2020-04-24",2020,2020-03-19,"No","2019-06-28","2019-08-15","2020-06-10","2020-06-15",1,"2019-09-01","2020-06-01","","","","",NA,"","","","","","Western Region","Nonbreeding",132119.207289551,515348.578835123,"2019-09-01 13:21:49","2020-06-01 06:11:21",2,0,-67.2229569391358,3.271422109701,"V8757_029",3,"mover",32,"equinox affected","winter.nbr.movements"
"47","V8757_029",535513.695205979,"2020-03-19 22:46:11","2020-04-07 10:24:26",-67.2650159097882,-68.3351833558269,-66.1851486294575,5.39083076697881,-1.74157000963463,10.1738508194737,12,18.4848958333333,"Non-breeding period","","2920-25508",NA,"Setophaga","2019-06-29","","","","2019-06-21","2020-06-09","","SY","Adult",72,12.5,"Male","striata","",58.16343635,-129.8574554,NA,NA,"","","","British Columbia, Highway 37","Breeding","","","Lotek","","ML-6740","","","Unpublished","Yes ",120,NA,3.985505043,"Both","Yes","Yes",91.66857607,93.25,0.15,1000,20,3,1,0.76,250,14,FALSE,"No","Western",FALSE,FALSE,-129.8574554,58.16343635,"2019-10-26","2020-04-24",2020,2020-03-19,"No","2019-06-28","2019-08-15","2020-06-10","2020-06-15",1,"2019-09-01","2020-06-01","","","","",NA,"","","","","","Western Region","Nonbreeding",238282.046230133,1326418.57928391,"2019-09-01 13:21:49","2020-06-01 06:11:21",3,0,-67.4482344323676,0.583708185915112,"V8757_029",3,"mover",32,"equinox affected","winter.nbr.movements"
"48","V8757_029",535513.695205979,"2020-03-19 22:46:11","2020-04-07 10:24:26",-67.2650159097882,-68.3351833558269,-66.1851486294575,5.39083076697881,-1.74157000963463,10.1738508194737,12,18.4848958333333,"Non-breeding period","","2920-25508",NA,"Setophaga","2019-06-29","","","","2019-06-21","2020-06-09","","SY","Adult",72,12.5,"Male","striata","",58.16343635,-129.8574554,NA,NA,"","","","British Columbia, Highway 37","Breeding","","","Lotek","","ML-6740","","","Unpublished","Yes ",120,NA,3.985505043,"Both","Yes","Yes",91.66857607,93.25,0.15,1000,20,3,1,0.76,250,14,FALSE,"No","Western",FALSE,FALSE,-129.8574554,58.16343635,"2019-10-26","2020-04-24",2020,2020-03-19,"No","2019-06-28","2019-08-15","2020-06-10","2020-06-15",1,"2019-09-01","2020-06-01","","","","",NA,"","","","","","Western Region","Nonbreeding",238282.046230133,1326418.57928391,"2019-09-01 13:21:49","2020-06-01 06:11:21",3,0,-67.4482344323676,0.583708185915112,"V8757_029",3,"mover",33,"equinox free","winter.nbr.movements"
"49","V8757_029",446591.630278464,"2020-04-08 22:48:56","2020-04-24 22:49:31",-67.4491597133146,-68.6658481806527,-66.3432396036389,9.3984751209642,6.21861014246418,10.6364217155767,13,16.0004050925926,"Non-breeding period","","2920-25508",NA,"Setophaga","2019-06-29","","","","2019-06-21","2020-06-09","","SY","Adult",72,12.5,"Male","striata","",58.16343635,-129.8574554,NA,NA,"","","","British Columbia, Highway 37","Breeding","","","Lotek","","ML-6740","","","Unpublished","Yes ",120,NA,3.985505043,"Both","Yes","Yes",91.66857607,93.25,0.15,1000,20,3,1,0.76,250,14,FALSE,"No","Western",FALSE,FALSE,-129.8574554,58.16343635,"2019-10-26","2020-04-24",2020,2020-03-19,"No","2019-06-28","2019-08-15","2020-06-10","2020-06-15",1,"2019-09-01","2020-06-01","","","","",NA,"","","","","","Western Region","Nonbreeding",255080.472911405,491788.53473952,"2019-09-01 13:21:49","2020-06-01 06:11:21",4,0,-67.2650159097882,5.39083076697881,"V8757_029",3,"mover",33,"equinox free","winter.nbr.movements"
"50","V8757_055",NA,"2019-11-05 22:01:57","2020-04-02 10:13:57",-61.9459807251951,-62.3335414803688,-61.5913156933112,1.58181821988417,0.178090265415664,2.7559891947358,8,147.508333333333,"Non-breeding period","","2920-25204",NA,"Setophaga","2019-06-27","","?","","2019-06-27","","","SY","Adult",75,13,"Male","striata","harness",62.432741,-114.420252,NA,NA,"","","","Northwest territories ","Breeding","","","Lotek","?","ML-6740","","","Unpublished","Yes ",120,NA,-5.466108711,"Both","Yes","Yes",97.62019278,91.75,0.18,1000,20,3,1,0.8,250,14,FALSE,"Yes","Central",FALSE,FALSE,-114.420252,62.432741,"2019-11-05","2020-05-13",2020,2020-03-19,"No","2019-08-03","2019-09-03",NA,NA,3.5,"2019-09-12","2020-06-20","","","","",NA,"","","","","","Central Region","Nonbreeding",82592.7102244296,286970.396128442,"2012-09-12 11:35:17","2013-06-30 05:55:57",1,7,NA,NA,NA,1,"mover",34,"equinox free","winter.nbr.movements"
"51","V8757_055",439821.801191086,"2020-04-29 22:23:57","2020-05-13 22:30:42",-63.364637191469,-64.9838331838376,-61.7515033543667,6.67472069069154,2.50876987029334,10.0961374922797,10,14.0046875,"Non-breeding period","","2920-25204",NA,"Setophaga","2019-06-27","","?","","2019-06-27","","","SY","Adult",75,13,"Male","striata","harness",62.432741,-114.420252,NA,NA,"","","","Northwest territories ","Breeding","","","Lotek","?","ML-6740","","","Unpublished","Yes ",120,NA,-5.466108711,"Both","Yes","Yes",97.62019278,91.75,0.18,1000,20,3,1,0.8,250,14,FALSE,"Yes","Central",FALSE,FALSE,-114.420252,62.432741,"2019-11-05","2020-05-13",2020,2020-03-19,"No","2019-08-03","2019-09-03",NA,NA,3.5,"2019-09-12","2020-06-20","","","","",NA,"","","","","","Central Region","Nonbreeding",357381.811753555,844621.900140895,"2012-09-12 11:35:17","2013-06-30 05:55:57",3,7,-63.48620860593,2.72559172497905,"V8757_055",1,"mover",34,"equinox free","winter.nbr.movements"
"52","V8757_078",NA,"2019-10-09 10:38:50","2020-02-29 10:37:30",-69.9881074212089,-70.2712936521383,-69.7063377360105,7.59116908385465,6.67449525430221,8.48613540601401,4,142.999074074074,"Non-breeding period","","2920-25303",NA,"Setophaga","2019-06-17","6:10","?","","2019-06-17","2020-06-17","","SY","Adult",69,10.7,"Male","striata","harness",47.37864,-71.09769,NA,NA,"","","","Quebec","Breeding","","","Lotek","?","ML-6740","","","Unpublished","No",120,NA,56.24816041,"Both","Yes","Yes",92.72218901,93,0.11,1000,20,3,2,0.87,250,14,FALSE,"","Eastern",TRUE,FALSE,-71.08716,47.38339,"2019-10-09","2020-04-28",2020,2020-03-19,"No","2019-07-01","2019-09-20","2020-06-05","2020-06-15",0,NA,"2020-05-28","","","","",NA,"2019-09-30","2019-10-02","2019-10-08","2019-10-09","good ","Eastern Region","Nonbreeding",62339.421761687,201670.859189206,"2019-09-21 10:15:30","2020-05-28 01:00:09",1,0,NA,NA,NA,2,"mover",35,"equinox free","winter.nbr.movements"
"53","V8757_078",571960.094823658,"2020-03-01 22:59:45","2020-03-21 10:33:45",-70.0697113007761,-70.7103817888678,-69.4084241087303,2.4538067984613,-3.58722306576727,9.50652364347946,5,19.4819444444444,"Non-breeding period","","2920-25303",NA,"Setophaga","2019-06-17","6:10","?","","2019-06-17","2020-06-17","","SY","Adult",69,10.7,"Male","striata","harness",47.37864,-71.09769,NA,NA,"","","","Quebec","Breeding","","","Lotek","?","ML-6740","","","Unpublished","No",120,NA,56.24816041,"Both","Yes","Yes",92.72218901,93,0.11,1000,20,3,2,0.87,250,14,FALSE,"","Eastern",TRUE,FALSE,-71.08716,47.38339,"2019-10-09","2020-04-28",2020,2020-03-19,"No","2019-07-01","2019-09-20","2020-06-05","2020-06-15",0,NA,"2020-05-28","","","","",NA,"2019-09-30","2019-10-02","2019-10-08","2019-10-09","good ","Eastern Region","Nonbreeding",144800.365727378,1457589.21624945,"2019-09-21 10:15:30","2020-05-28 01:00:09",2,0,-69.9881074212089,7.59116908385465,"V8757_078",2,"mover",35,"equinox free","winter.nbr.movements"
"54","V8757_078",571960.094823658,"2020-03-01 22:59:45","2020-03-21 10:33:45",-70.0697113007761,-70.7103817888678,-69.4084241087303,2.4538067984613,-3.58722306576727,9.50652364347946,5,19.4819444444444,"Non-breeding period","","2920-25303",NA,"Setophaga","2019-06-17","6:10","?","","2019-06-17","2020-06-17","","SY","Adult",69,10.7,"Male","striata","harness",47.37864,-71.09769,NA,NA,"","","","Quebec","Breeding","","","Lotek","?","ML-6740","","","Unpublished","No",120,NA,56.24816041,"Both","Yes","Yes",92.72218901,93,0.11,1000,20,3,2,0.87,250,14,FALSE,"","Eastern",TRUE,FALSE,-71.08716,47.38339,"2019-10-09","2020-04-28",2020,2020-03-19,"No","2019-07-01","2019-09-20","2020-06-05","2020-06-15",0,NA,"2020-05-28","","","","",NA,"2019-09-30","2019-10-02","2019-10-08","2019-10-09","good ","Eastern Region","Nonbreeding",144800.365727378,1457589.21624945,"2019-09-21 10:15:30","2020-05-28 01:00:09",2,0,-69.9881074212089,7.59116908385465,"V8757_078",2,"mover",36,"equinox affected","winter.nbr.movements"
"55","V8757_078",549190.565647671,"2020-03-22 23:04:00","2020-04-28 10:15:05",-69.6928195003366,-70.2141459655255,-69.1616533356364,7.37296711960002,4.55618713497892,10.2827522101582,6,36.4660300925926,"Non-breeding period","","2920-25303",NA,"Setophaga","2019-06-17","6:10","?","","2019-06-17","2020-06-17","","SY","Adult",69,10.7,"Male","striata","harness",47.37864,-71.09769,NA,NA,"","","","Quebec","Breeding","","","Lotek","?","ML-6740","","","Unpublished","No",120,NA,56.24816041,"Both","Yes","Yes",92.72218901,93,0.11,1000,20,3,2,0.87,250,14,FALSE,"","Eastern",TRUE,FALSE,-71.08716,47.38339,"2019-10-09","2020-04-28",2020,2020-03-19,"No","2019-07-01","2019-09-20","2020-06-05","2020-06-15",0,NA,"2020-05-28","","","","",NA,"2019-09-30","2019-10-02","2019-10-08","2019-10-09","good ","Eastern Region","Nonbreeding",116194.192342474,637478.308163501,"2019-09-21 10:15:30","2020-05-28 01:00:09",3,0,-70.0697113007761,2.4538067984613,"V8757_078",2,"mover",36,"equinox affected","winter.nbr.movements"
"56","V8757_096",NA,"2019-11-19 10:14:45.37222","2020-02-01 10:35:27.089174",-68.4243957013523,-68.7389976139859,-68.0594094755757,4.62177356741952,3.34978062238077,5.38276400065993,10,74.0143717240128,"Non-breeding period","","2740 67825 ",NA,"Setophaga","2019-06-25","9:30:00","","","2019-07-12","2020-07-08","","SY","Adult",76,12.7,"Male","striata","",49.45833,-56.225,NA,NA,"","","","Newfoundland ","Breeding","","","Lotek","","ML-6740","","","Unpublished","Yes ",120,NA,-3.920918413,"Both","Yes","Yes",97.68084082,92.25,0.2,1000,20,3,1,0.9,250,14,FALSE,"No","Eastern",FALSE,TRUE,-56.225,49.45833,"2019-11-19","2020-05-23",2020,2020-03-19,"No","2019-07-20","2019-09-20","2013-06-20","2013-07-07",0,"2019-08-30","2020-06-17","","","","",NA,"","","","","","Eastern Region","Nonbreeding",75405.4091845998,226310.674461225,"2012-10-03 22:06:52.932191","2013-06-16 00:09:41.435524",1,7,NA,NA,NA,1,"mover",37,"equinox free","winter.nbr.movements"
"57","V8757_096",283698.27532712,"2020-02-02 23:05:47.312368","2020-04-21 10:32:26.463079",-70.9375523027757,-71.8859828115129,-70.1409245833262,4.15706005746108,-0.348869652690441,7.91852402591446,11,77.4768420221243,"Non-breeding period","","2740 67825 ",NA,"Setophaga","2019-06-25","9:30:00","","","2019-07-12","2020-07-08","","SY","Adult",76,12.7,"Male","striata","",49.45833,-56.225,NA,NA,"","","","Newfoundland ","Breeding","","","Lotek","","ML-6740","","","Unpublished","Yes ",120,NA,-3.920918413,"Both","Yes","Yes",97.68084082,92.25,0.2,1000,20,3,1,0.9,250,14,FALSE,"No","Eastern",FALSE,TRUE,-56.225,49.45833,"2019-11-19","2020-05-23",2020,2020-03-19,"No","2019-07-20","2019-09-20","2013-06-20","2013-07-07",0,"2019-08-30","2020-06-17","","","","",NA,"","","","","","Eastern Region","Nonbreeding",193747.875115717,920322.054489826,"2012-10-03 22:06:52.932191","2013-06-16 00:09:41.435524",2,7,-68.4243957013523,4.62177356741952,"V8757_096",1,"mover",37,"equinox free","winter.nbr.movements"
"58","V8757_134",NA,"2019-10-21 22:36:36","2020-04-03 10:34:36",-67.2852897893313,-67.5014986460924,-67.0887001692908,-1.54081691676184,-2.46132578917692,-0.853357131117815,9,163.498611111111,"Non-breeding period","","2740 67829 ",NA,"Setophaga","2019-06-26","8:10:00","","","2019-07-12","2020-07-12","","AHY","Adult",74,12.8,"Male","striata","",49.45833,-56.225,NA,NA,"","","","Newfoundland ","Breeding","","","Lotek","","ML-6740","","","Unpublished","No",120,NA,-4.443608006,"Both","Yes","Yes",97.13703665,91.5,0.16,1000,20,3,1,0.86,250,14,FALSE,"","Eastern",FALSE,TRUE,-56.225,49.45833,"2019-10-21","2020-05-13",2020,2020-03-19,"No","2019-07-20","2019-09-20","2013-06-20","2013-07-02",0,"2019-09-29","2020-06-15","","","","",NA,"","","","","","Eastern Region","Nonbreeding",45935.9007989328,178998.252226683,"2012-09-30 22:07:11","2013-06-14 07:39:06",1,7,NA,NA,NA,2,"mover",38,"equinox free","winter.nbr.movements"
"59","V8757_134",745358.70887635,"2020-04-04 22:45:06","2020-04-26 10:22:02",-68.7545175978843,-69.7671546247625,-67.7976738123493,4.99199896689592,0.756402315831449,9.6958020845718,10,21.4839814814815,"Non-breeding period","","2740 67829 ",NA,"Setophaga","2019-06-26","8:10:00","","","2019-07-12","2020-07-12","","AHY","Adult",74,12.8,"Male","striata","",49.45833,-56.225,NA,NA,"","","","Newfoundland ","Breeding","","","Lotek","","ML-6740","","","Unpublished","No",120,NA,-4.443608006,"Both","Yes","Yes",97.13703665,91.5,0.16,1000,20,3,1,0.86,250,14,FALSE,"","Eastern",FALSE,TRUE,-56.225,49.45833,"2019-10-21","2020-05-13",2020,2020-03-19,"No","2019-07-20","2019-09-20","2013-06-20","2013-07-02",0,"2019-09-29","2020-06-15","","","","",NA,"","","","","","Eastern Region","Nonbreeding",218409.905471559,995129.430253683,"2012-09-30 22:07:11","2013-06-14 07:39:06",2,7,-67.2852897893313,-1.54081691676184,"V8757_134",2,"mover",38,"equinox free","winter.nbr.movements"
"60","V8757_134",745358.70887635,"2020-04-04 22:45:06","2020-04-26 10:22:02",-68.7545175978843,-69.7671546247625,-67.7976738123493,4.99199896689592,0.756402315831449,9.6958020845718,10,21.4839814814815,"Non-breeding period","","2740 67829 ",NA,"Setophaga","2019-06-26","8:10:00","","","2019-07-12","2020-07-12","","AHY","Adult",74,12.8,"Male","striata","",49.45833,-56.225,NA,NA,"","","","Newfoundland ","Breeding","","","Lotek","","ML-6740","","","Unpublished","No",120,NA,-4.443608006,"Both","Yes","Yes",97.13703665,91.5,0.16,1000,20,3,1,0.86,250,14,FALSE,"","Eastern",FALSE,TRUE,-56.225,49.45833,"2019-10-21","2020-05-13",2020,2020-03-19,"No","2019-07-20","2019-09-20","2013-06-20","2013-07-02",0,"2019-09-29","2020-06-15","","","","",NA,"","","","","","Eastern Region","Nonbreeding",218409.905471559,995129.430253683,"2012-09-30 22:07:11","2013-06-14 07:39:06",2,7,-67.2852897893313,-1.54081691676184,"V8757_134",2,"mover",39,"equinox free","winter.nbr.movements"
"61","V8757_134",302585.708696204,"2020-04-27 22:38:36","2020-05-13 22:47:34",-67.3250153827599,-68.5516147497967,-66.0003296976171,7.30905205675549,4.12518237611033,10.2641823532551,11,16.0062268518518,"Non-breeding period","","2740 67829 ",NA,"Setophaga","2019-06-26","8:10:00","","","2019-07-12","2020-07-12","","AHY","Adult",74,12.8,"Male","striata","",49.45833,-56.225,NA,NA,"","","","Newfoundland ","Breeding","","","Lotek","","ML-6740","","","Unpublished","No",120,NA,-4.443608006,"Both","Yes","Yes",97.13703665,91.5,0.16,1000,20,3,1,0.86,250,14,FALSE,"","Eastern",FALSE,TRUE,-56.225,49.45833,"2019-10-21","2020-05-13",2020,2020-03-19,"No","2019-07-20","2019-09-20","2013-06-20","2013-07-02",0,"2019-09-29","2020-06-15","","","","",NA,"","","","","","Eastern Region","Nonbreeding",281699.630093405,683390.351435669,"2012-09-30 22:07:11","2013-06-14 07:39:06",3,7,-68.7545175978843,4.99199896689592,"V8757_134",2,"mover",39,"equinox free","winter.nbr.movements"
"62","WRMA04173",NA,"2020-03-07 23:20:00","2020-04-30 10:29:15",-73.45515,-73.45515,-73.45515,4.00841,4.00841,4.00841,1,53.4647569444444,"Non-breeding period","","AA9562",NA,"Setophaga","2020-03-07","6:40:00","2021-02-23","9:00:00","2020-03-07","","","AHY","Adult",71,11.6,"Female ","striata","",4.00841,-73.45515,NA,NA,"","","","Santa Rosa, Colombia","Nonbreeding","","","Lotek ","","ML-6740","","","Unpublished","Yes ",120,NA,NA,"North","Yes","No",93.7573469970404,NA,0.05,1000,20,3,1,0.9,250,14,FALSE,"No","Eastern",FALSE,TRUE,-73.45515,4.00841,NA,"2020-06-03",2021,2021-03-20,"No","2020-03-15","2020-04-25","2013-06-20","2013-07-02",0,NA,"2020-06-18","","","","",NA,"","","","","","Eastern Region","Nonbreeding",0,0,NA,"2020-06-18 02:00:00",1,0,NA,NA,NA,1,"mover",40,"equinox free","winter.nbr.movements"
"63","WRMA04173",930868.81473782,"2020-05-01 23:13:30","2020-06-03 00:00:24",-68.1220478268303,-68.1252026811232,-68.113866076858,10.4866519279742,10.4824713056697,10.4875822069668,2,32.0325694444444,"Non-breeding period","","AA9562",NA,"Setophaga","2020-03-07","6:40:00","2021-02-23","9:00:00","2020-03-07","","","AHY","Adult",71,11.6,"Female ","striata","",4.00841,-73.45515,NA,NA,"","","","Santa Rosa, Colombia","Nonbreeding","","","Lotek ","","ML-6740","","","Unpublished","Yes ",120,NA,NA,"North","Yes","No",93.7573469970404,NA,0.05,1000,20,3,1,0.9,250,14,FALSE,"No","Eastern",FALSE,TRUE,-73.45515,4.00841,NA,"2020-06-03",2021,2021-03-20,"No","2020-03-15","2020-04-25","2013-06-20","2013-07-02",0,NA,"2020-06-18","","","","",NA,"","","","","","Eastern Region","Nonbreeding",1240.90650225635,568.94292989073,NA,"2020-06-18 02:00:00",2,0,-73.45515,4.00841,"WRMA04173",1,"mover",40,"equinox free","winter.nbr.movements"
"64","blpw09",NA,"2016-10-29 22:13:30","2017-04-25 22:38:03",-61.9981839554292,-62.2268298765373,-61.7741731815596,2.84827761527916,1.96801297615483,3.72365255758857,7,178.017048611111,"Non-breeding period","3254-043","2740-82809",NA,"Setophaga","2016-06-17","","2017-06-12","","2016-06-17","2017-06-12","","AHY","Adult",76,13.28,"Male","striata","harness",60.065032,-132.312099,NA,NA,"","","","Whitehorse, Yukon","Breeding","","","Biotrack","?","MK-6","","","Deluca et al. 2019","No",120,NA,NA,"Both","Yes","No",92.15364648,92.75,0.14,1000,20,3,1,0.85,250,14,FALSE,"No","Western",FALSE,FALSE,-132.311396,60.066092,"2016-10-29","2017-04-25",2017,2017-03-20,"No","2016-07-01","2016-08-20","2017-06-05","2017-06-12",2,"2016-09-04","2017-05-21","","","2016-11-03","2017-04-13",NA,"","","","","","Western Region","Nonbreeding",50327.2623603219,195436.90422172,"2016-09-04 03:47:52","2017-05-21 10:41:00",1,0,NA,NA,NA,0,"nonmover",41,"equinox free","winter.nbr.movements"
"65","blpw12",NA,"2016-10-20 10:02:54","2017-04-18 09:56:21",-64.2377731324065,-64.3749724286166,-64.0939958176472,4.89538254060636,4.12118183226126,5.5864467391175,9,179.995451388889,"Non-breeding period","","2740-82812",NA,"Setophaga","2016-07-17","","2017-06-11","","2016-07-17","2017-06-11","","SY","Adult",75,12.94,"Male","striata","harness",60.064575,-132.306115,NA,NA,"","","","Whitehorse, Yukon","Breeding","","","Biotrack","?","MK-6","","","Deluca et al. 2019","No",120,NA,NA,"Both","Yes","No",91.49626128,93,0.105,1000,20,3,1,0.9,250,14,FALSE,"No","Western",FALSE,FALSE,-132.311396,60.066092,"2016-10-20","2017-04-18",2017,2017-03-20,"No","2016-07-01","2016-08-20",NA,NA,2,"2016-08-24","2017-05-25","","","","",NA,"","","","","","Western Region","Nonbreeding",31164.0757811453,163112.54330849,"2016-08-24 04:03:46","2017-05-25 10:57:09",1,0,NA,NA,NA,0,"nonmover",42,"equinox free","winter.nbr.movements"
"66","blpw14",NA,"2016-11-02 22:11:27","2016-12-18 09:50:12",-61.8209125796933,-62.654650043954,-60.9995687609654,4.97018867590377,2.72204410590234,7.12053055165659,10,45.4852430555556,"Non-breeding period","3254-024","2740-82815",NA,"Setophaga","2016-06-18","","2017-06-11","","2016-06-18","2017-06-11","","SY","Adult",76,13.18,"Male","striata","harness",60.066092,-132.306727,NA,NA,"","","","Whitehorse, Yukon","Breeding","","","Biotrack","?","MK-6","","","Deluca et al. 2019","Yes ",120,NA,NA,"Both","Yes","No",91.44965505,93.75,0.13,1000,20,3,1,0.86,150,14,FALSE,"No","Western",FALSE,FALSE,-132.311396,60.066092,"2016-11-02","2017-04-20",2017,2017-03-20,"No","2016-07-01","2016-08-20","2017-06-01","2017-06-10",2.5,"2016-09-02","2017-05-22","","","","",NA,"","","","","","Western Region","Nonbreeding",183549.988369675,489637.271402479,"2016-09-03 13:49:36","2017-05-22 11:19:05",1,0,NA,NA,NA,1,"mover",43,"equinox free","fall.nbr.movement"
"67","blpw14",313435.73431074,"2016-12-19 22:12:13","2017-04-20 22:32:55",-62.1747819335393,-62.6709488248878,-61.7137314760651,7.76378434218607,5.74034362392798,9.48114137701072,11,122.014375,"Non-breeding period","3254-024","2740-82815",NA,"Setophaga","2016-06-18","","2017-06-11","","2016-06-18","2017-06-11","","SY","Adult",76,13.18,"Male","striata","harness",60.066092,-132.306727,NA,NA,"","","","Whitehorse, Yukon","Breeding","","","Biotrack","?","MK-6","","","Deluca et al. 2019","Yes ",120,NA,NA,"Both","Yes","No",91.44965505,93.75,0.13,1000,20,3,1,0.86,150,14,FALSE,"No","Western",FALSE,FALSE,-132.311396,60.066092,"2016-11-02","2017-04-20",2017,2017-03-20,"No","2016-07-01","2016-08-20","2017-06-01","2017-06-10",2.5,"2016-09-02","2017-05-22","","","","",NA,"","","","","","Western Region","Nonbreeding",105580.163292172,416423.701033793,"2016-09-03 13:49:36","2017-05-22 11:19:05",2,0,-61.8209125796933,4.97018867590377,"blpw14",1,"mover",43,"equinox free","fall.nbr.movement"
"68","blpw25",NA,"2016-11-01 22:27:10","2017-04-24 22:41:03",-64.7376239643348,-65.1072909119462,-64.4098005240309,1.09011112125847,-0.33109823728822,2.32588508510779,7,174.009641203704,"Non-breeding period","3254-034","2740-82825",NA,"Setophaga","2016-06-19","10:40:00","2017-06-12","","2016-06-19","2017-06-12","","AHY","Adult",75,11.84,"Male","striata","harness",60.557287,-133.124878,NA,NA,"","","","Whitehorse, Yukon","Breeding","","","Biotrack","?","MK-6","","","Deluca et al. 2019","No",120,NA,NA,"Both","Yes","No",91.95202075,91,0.08,1000,20,3,2,0.87,100,14,FALSE,"No","Western",FALSE,FALSE,-132.311396,60.066092,"2016-11-01","2017-04-24",2017,2017-03-20,"No","2016-07-01","2016-08-20","2017-06-01","2017-06-10",1,"2016-08-23","2017-05-26","","","","",NA,"","","","","","Western Region","Nonbreeding",77630.2218504605,295774.030495344,"2016-08-23 13:10:17","2017-06-05 06:55:10",1,0,NA,NA,NA,0,"nonmover",44,"equinox free","winter.nbr.movements"
